Driver_ID,Full_Name,Gender,Date_of_Birth,Nationality,City,Phone,Email,Registration_Date,Status,Deactivation_Date,Deactivation_Reason,Vehicle_Model,Vehicle_Category,Vehicle_Year,Vehicle_Plate_Number,Driver_Rating,Total_Completed_Trips,Acceptance_Rate,Completion_Rate,Documents_Verified,Background_Check_Status,Women_Preferred_Enabled
DRV00001,Mohammed Al-Khalifa,Male,1/15/2005,Saudi,Medina,522575562,mohammed.alkhalifa28@email.com,7/3/2020,Active,7/16/2023,Violation,Hyundai Sonata,UberX,2021,J 1434,4.61,14667,0.88,0.91,Yes,In Review,No
DRV00002,Hamed Al-Rumaih,Male,5/15/1991,Saudi,Dammam,522448136,hamed.alrumaih49@email.com,1/27/2018,Active,7/16/2023,Violation,Honda Accord,UberX,2019,D 6635,4.64,5624,0.82,0.84,Yes,Passed,No
DRV00003,Reem Al-Mansour,Female,5/7/2003,Saudi,Jeddah,598753260,reem.almansour30@email.com,3/11/2024,Active,7/16/2023,Violation,Chevrolet Malibu,UberXL,2022,A 4814,4.54,14168,0.84,0.84,Yes,In Review,Yes
DRV00004,Dana Al-Turki,Female,7/4/1982,Saudi,Khobar,531931511,dana.alturki60@email.com,5/8/2020,Active,7/16/2023,Violation,BMW 5 Series,UberBLACK,2024,D 4598,4.92,10667,0.77,0.92,Yes,Passed,Yes
DRV00005,Rashed Al-Faisal,Male,8/18/1977,Pakistani,Dammam,529175900,rashed.alfaisal34@email.com,9/29/2018,Active,7/16/2023,Violation,Ford Fusion,UberSELECT,2020,B 9830,4.85,5205,0.8,0.89,Yes,In Review,No
DRV00006,Razan Al-Hassan,Female,7/13/1987,Bangladeshi,Mecca,518526544,razan.alhassan50@email.com,9/19/2023,Active,7/16/2023,Violation,Mercedes E-Class,UberBLACK,2024,J 8668,3.86,1846,0.79,0.83,Yes,Passed,Yes
DRV00007,Sami Al-Rajhi,Male,1/5/1984,Saudi,Jeddah,578139880,sami.alrajhi14@email.com,4/17/2021,Active,7/16/2023,Violation,Honda Civic,UberComfort,2022,E 9317,3.8,11880,0.96,0.85,Yes,Passed,No
DRV00008,Dana Al-Zamil,Female,9/2/1992,Saudi,Abha,517774584,dana.alzamil31@email.com,1/3/2018,Active,7/16/2023,Violation,Honda Civic,UberComfort,2019,A 8962,3.82,5997,0.96,0.96,Yes,Passed,Yes
DRV00009,Dana Al-Farsi,Female,6/25/1992,Yemeni,Abha,597225156,dana.alfarsi48@email.com,10/20/2024,Active,7/16/2023,Violation,Kia Optima,UberX,2025,J 8397,4.91,12424,0.93,0.84,Yes,Passed,Yes
DRV00010,Aisha Al-Rumaih,Female,1/21/2005,Jordanian,Abha,519510312,aisha.alrumaih66@email.com,7/31/2020,Active,7/16/2023,Violation,Toyota Camry,UberX,2021,D 8953,3.89,10389,0.76,0.81,Yes,Passed,Yes
DRV00011,Amal Al-Ali,Female,1/19/2002,Saudi,Dhahran,564038913,amal.alali94@email.com,2/19/2020,Deactivated,1/16/2023,Inactivity,Hyundai Elantra,UberComfort,2023,E 2790,4.29,463,0.91,0.99,Yes,Passed,Yes
DRV00012,Maha Al-Anazi,Female,1/27/2002,Saudi,Mecca,597529405,maha.alanazi70@email.com,2/14/2021,Active,7/16/2023,Violation,Lexus ES,UberBLACK,2018,A 4872,4.91,7310,0.94,0.96,Yes,In Review,Yes
DRV00013,Thamer Al-Qahtani,Male,12/12/1997,Egyptian,Mecca,539219319,thamer.alqahtani8@email.com,4/2/2022,Suspended,3/25/2024,Document Expired,Nissan Altima,UberX,2018,M 6138,4.31,4572,0.91,0.89,Yes,Passed,No
DRV00014,Dana Al-Qahtani,Female,11/29/1980,Saudi,Abha,587701200,dana.alqahtani77@email.com,11/25/2018,Active,7/16/2023,Violation,Hyundai Sonata,UberX,2018,J 2343,4.51,11112,0.96,0.88,Pending,Passed,No
DRV00015,Rashed Al-Mahmoud,Male,1/18/2006,Pakistani,Dammam,593370583,rashed.almahmoud73@email.com,6/10/2022,Active,7/16/2023,Violation,Chevrolet Malibu,UberXL,2019,A 9808,4.16,5230,0.97,0.98,Yes,Passed,No
DRV00016,Nawaf Al-Harbi,Male,2/17/1977,Indian,Medina,511049999,nawaf.alharbi86@email.com,2/22/2022,Active,7/16/2023,Violation,Honda Civic,UberComfort,2022,M 2697,4.8,11576,0.82,0.99,Yes,Passed,No
DRV00017,Omar Al-Jasser,Male,10/18/1983,Pakistani,Mecca,543704923,omar.aljasser7@email.com,1/20/2021,Active,7/16/2023,Violation,Kia Optima,UberX,2019,M 7939,4.66,3385,0.91,0.96,Yes,Passed,No
DRV00018,Hamad Al-Shehri,Male,10/12/1999,Indian,Dammam,514835614,hamad.alshehri48@email.com,10/24/2019,Active,7/16/2023,Violation,Mazda 6,UberSELECT,2020,R 3088,4.65,9239,0.75,0.81,Yes,Passed,No
DRV00019,Sarah Al-Sulaiman,Female,8/17/1978,Saudi,Medina,541774346,sarah.alsulaiman21@email.com,8/25/2025,Active,7/16/2023,Violation,Hyundai Sonata,UberX,2020,R 1406,4.22,9223,0.96,0.88,Yes,Passed,Yes
DRV00020,Amal Al-Khalifa,Female,4/4/1996,Saudi,Mecca,513176186,amal.alkhalifa85@email.com,11/12/2025,Inactive,9/2/2025,Violation,Kia Optima,UberX,2021,R 6378,4.78,3790,0.83,0.96,Yes,Passed,No
DRV00021,Tala Al-Khalid,Female,6/16/1998,Bangladeshi,Dhahran,545630292,tala.alkhalid5@email.com,8/15/2025,Active,7/16/2023,Violation,Mazda 6,UberSELECT,2019,J 8119,4.2,502,0.78,0.98,Yes,Passed,Yes
DRV00022,Mishal Al-Mazrou,Male,9/2/1976,Jordanian,Medina,593638503,mishal.almazrou41@email.com,11/9/2020,Suspended,5/11/2021,Personal Choice,Audi A6,UberSELECT,2019,M 5920,4.77,1634,0.84,0.81,Yes,In Review,No
DRV00023,Yara Al-Baker,Female,12/8/1980,Egyptian,Abha,564502486,yara.albaker71@email.com,6/6/2019,Active,7/16/2023,Violation,Chevrolet Malibu,UberXL,2018,D 5700,4.93,11147,0.93,0.83,Yes,In Review,Yes
DRV00024,Anoud Al-Marri,Female,9/26/1993,Indian,Taif,599100953,anoud.almarri82@email.com,7/30/2025,Active,7/16/2023,Violation,Honda Civic,UberComfort,2023,A 4848,4.75,13092,0.93,0.93,Yes,Passed,No
DRV00025,Mohammed Al-Otaibi,Male,3/29/1989,Pakistani,Medina,563640499,mohammed.alotaibi32@email.com,5/1/2023,Active,7/16/2023,Violation,Mercedes E-Class,UberBLACK,2020,M 1090,3.89,6840,0.96,0.91,Yes,In Review,No
DRV00026,Turki Al-Sabah,Male,8/22/1982,Indian,Taif,589920257,turki.alsabah41@email.com,7/25/2018,Active,7/16/2023,Violation,Audi A6,UberSELECT,2025,J 9270,4.82,7528,0.78,0.89,Pending,In Review,No
DRV00027,Khalil Al-Marri,Male,9/26/1986,Saudi,Dammam,548349783,khalil.almarri31@email.com,10/9/2020,Active,7/16/2023,Violation,Nissan Altima,UberX,2022,D 6238,4.72,8590,0.87,0.85,Yes,Passed,No
DRV00028,Hassan Al-Mansour,Male,8/15/1987,Yemeni,Mecca,588393811,hassan.almansour90@email.com,12/3/2025,Active,7/16/2023,Violation,Hyundai Elantra,UberComfort,2018,E 7232,4.29,8940,0.86,0.81,Pending,Passed,No
DRV00029,Shatha Al-Mansour,Female,12/1/1986,Pakistani,Dhahran,513895645,shatha.almansour50@email.com,1/14/2024,Active,7/16/2023,Violation,Mazda 6,UberSELECT,2023,M 7624,4.76,14759,0.8,0.84,Yes,In Review,No
DRV00030,Thamer Al-Rumaih,Male,4/30/1991,Yemeni,Tabuk,547346970,thamer.alrumaih97@email.com,6/8/2025,Deactivated,11/27/2025,Document Expired,Honda Accord,UberX,2024,D 2341,3.86,3125,0.83,0.89,Pending,Passed,No
DRV00031,Nawaf Al-Hassan,Male,9/8/1996,Pakistani,Jeddah,544392446,nawaf.alhassan99@email.com,4/23/2025,Inactive,11/10/2025,Low Rating,Ford Fusion,UberSELECT,2023,B 2876,3.98,1054,0.86,0.82,Yes,Passed,No
DRV00032,Mohammed Al-Saleh,Male,5/1/1978,Saudi,Tabuk,523676961,mohammed.alsaleh90@email.com,8/6/2025,Active,7/16/2023,Violation,Hyundai Elantra,UberComfort,2022,E 2983,4.28,11764,0.8,0.91,Yes,Passed,No
DRV00033,Razan Al-Harbi,Female,12/15/1977,Pakistani,Abha,530534124,razan.alharbi56@email.com,4/6/2025,Active,7/16/2023,Violation,Lexus ES,UberBLACK,2020,M 9548,4.3,8081,0.78,0.98,Yes,In Review,Yes
DRV00034,Maram Al-Mahmoud,Female,3/6/2005,Pakistani,Jeddah,553622663,maram.almahmoud24@email.com,2/16/2021,Active,7/16/2023,Violation,Kia Optima,UberX,2025,B 6813,4.7,9386,0.9,0.87,Yes,Passed,Yes
DRV00035,Fatima Al-Sabah,Female,6/13/1984,Pakistani,Medina,512314351,fatima.alsabah12@email.com,12/17/2018,Active,7/16/2023,Violation,Hyundai Elantra,UberComfort,2022,B 7625,4.39,12471,0.81,0.89,Yes,Passed,Yes
DRV00036,Aljohara Al-Jasser,Female,3/11/1995,Saudi,Abha,526194158,aljohara.aljasser93@email.com,11/9/2021,Active,7/16/2023,Violation,BMW 5 Series,UberBLACK,2021,D 2958,4.46,5814,0.92,0.85,Yes,Passed,Yes
DRV00037,Hind Al-Rumaih,Female,10/31/2005,Indian,Abha,526989677,hind.alrumaih36@email.com,9/10/2024,Active,7/16/2023,Violation,Hyundai Sonata,UberX,2018,A 5786,4.8,4903,0.8,0.83,Yes,In Review,Yes
DRV00038,Waleed Al-Ali,Male,6/28/1988,Pakistani,Taif,519943140,waleed.alali74@email.com,12/10/2022,Active,7/16/2023,Violation,Toyota Camry,UberX,2018,B 3444,4.1,14168,0.86,0.96,Yes,Passed,No
DRV00039,Yousef Al-Jasser,Male,2/16/1993,Bangladeshi,Dhahran,567556566,yousef.aljasser40@email.com,10/19/2024,Active,7/16/2023,Violation,Ford Fusion,UberSELECT,2018,J 2625,4.07,8611,0.84,0.97,Yes,Passed,No
DRV00040,Lama Al-Malki,Female,1/1/2005,Saudi,Medina,548668783,lama.almalki91@email.com,12/13/2019,Active,7/16/2023,Violation,Honda Accord,UberX,2022,M 8438,3.8,7431,0.92,0.89,Yes,Passed,No
DRV00041,Badr Al-Zahrani,Male,9/1/1992,Bangladeshi,Abha,586397676,badr.alzahrani37@email.com,7/9/2020,Active,7/16/2023,Violation,Audi A6,UberSELECT,2025,A 8679,4.12,2380,0.77,0.83,Yes,In Review,No
DRV00042,Wadha Al-Marri,Female,8/30/1980,Bangladeshi,Jeddah,512784407,wadha.almarri98@email.com,9/15/2024,Suspended,10/10/2025,Personal Choice,Nissan Altima,UberX,2022,J 1659,3.83,1895,0.98,0.96,Yes,In Review,Yes
DRV00043,Hind Al-Ahmadi,Female,10/10/2001,Saudi,Tabuk,554265498,hind.alahmadi53@email.com,11/21/2022,Active,7/16/2023,Violation,Honda Civic,UberComfort,2025,D 7561,4.96,7750,0.83,0.86,Yes,In Review,Yes
DRV00044,Maram Al-Zahrani,Female,3/18/1983,Jordanian,Dhahran,593568503,maram.alzahrani97@email.com,10/9/2023,Active,7/16/2023,Violation,Toyota Camry,UberX,2025,M 8242,4.59,8939,0.86,0.81,Yes,Passed,Yes
DRV00045,Waleed Al-Marri,Male,5/21/1996,Saudi,Taif,571934487,waleed.almarri16@email.com,5/13/2019,Deactivated,4/8/2023,Violation,BMW 5 Series,UberBLACK,2020,R 5781,3.99,4532,0.75,0.88,Yes,In Review,No
DRV00046,Aljohara Al-Mahmoud,Female,5/3/2003,Egyptian,Taif,565692629,aljohara.almahmoud44@email.com,3/7/2024,Active,7/16/2023,Violation,Kia Optima,UberX,2022,E 1042,4.91,8377,0.93,0.83,Yes,Passed,No
DRV00047,Lina Al-Marri,Female,1/2/1998,Saudi,Abha,586745380,lina.almarri50@email.com,6/7/2023,Active,7/16/2023,Violation,Mazda 6,UberSELECT,2021,E 7730,4.72,6230,0.86,0.86,Yes,Passed,Yes
DRV00048,Layan Al-Ghamdi,Female,11/15/1982,Pakistani,Taif,512059919,layan.alghamdi93@email.com,6/1/2018,Active,7/16/2023,Violation,Ford Fusion,UberSELECT,2020,R 3529,4.2,1694,0.96,0.88,Yes,In Review,Yes
DRV00049,Joud Al-Muhanna,Female,5/25/2003,Saudi,Dhahran,594712997,joud.almuhanna88@email.com,4/15/2025,Suspended,7/12/2025,Personal Choice,Hyundai Elantra,UberComfort,2022,B 2480,4.94,4017,0.96,0.81,Pending,Passed,Yes
DRV00050,Hamed Al-Malki,Male,5/22/1998,Saudi,Dammam,533497411,hamed.almalki11@email.com,4/29/2018,Inactive,6/17/2020,Inactivity,Toyota Corolla,UberX,2024,J 4945,4.32,2020,0.88,0.91,Pending,Passed,No
DRV00051,Jasser Al-Farsi,Male,2/25/2003,Pakistani,Taif,556381032,jasser.alfarsi76@email.com,11/11/2020,Active,7/16/2023,Violation,Audi A6,UberSELECT,2022,M 7951,4.77,14815,0.82,0.9,Yes,In Review,No
DRV00052,Mona Al-Mansour,Female,12/9/1976,Yemeni,Taif,546840133,mona.almansour2@email.com,3/13/2019,Active,7/16/2023,Violation,Ford Fusion,UberSELECT,2018,J 9138,4.23,4897,0.99,0.86,Yes,Passed,Yes
DRV00053,Ghada Al-Fahad,Female,4/27/1978,Saudi,Tabuk,551464269,ghada.alfahad57@email.com,10/23/2020,Active,7/16/2023,Violation,BMW 5 Series,UberBLACK,2018,J 6977,4.72,11205,0.95,0.92,Yes,Passed,No
DRV00054,Sadeem Al-Ahmadi,Female,2/1/1999,Egyptian,Medina,574672520,sadeem.alahmadi38@email.com,6/26/2019,Active,7/16/2023,Violation,Audi A6,UberSELECT,2023,E 2886,4.97,8747,0.87,0.85,Pending,Passed,Yes
DRV00055,Thamer Al-Jasser,Male,9/15/1994,Bangladeshi,Khobar,561140376,thamer.aljasser82@email.com,1/5/2019,Active,7/16/2023,Violation,Toyota Camry,UberX,2023,A 4830,4.12,2074,0.86,0.93,Pending,Passed,No
DRV00056,Ghada Al-Harbi,Female,5/14/1984,Saudi,Taif,523044889,ghada.alharbi31@email.com,11/11/2025,Active,7/16/2023,Violation,Hyundai Elantra,UberComfort,2020,R 8432,3.94,792,0.98,0.86,Yes,In Review,Yes
DRV00057,Ziyad Al-Dosari,Male,11/16/1995,Jordanian,Taif,523335151,ziyad.aldosari88@email.com,11/26/2024,Active,7/16/2023,Violation,Nissan Altima,UberX,2023,J 6876,3.84,6120,0.8,0.88,Yes,In Review,No
DRV00058,Mona Al-Zahrani,Female,10/25/2000,Bangladeshi,Taif,537542226,mona.alzahrani9@email.com,1/11/2019,Active,7/16/2023,Violation,Chevrolet Malibu,UberXL,2021,J 4538,4.57,399,0.76,0.86,Yes,Passed,Yes
DRV00059,Sami Al-Ghamdi,Male,10/17/1995,Bangladeshi,Mecca,553455870,sami.alghamdi3@email.com,1/22/2024,Active,7/16/2023,Violation,Honda Accord,UberX,2020,D 1858,3.93,14245,0.76,0.8,Yes,In Review,No
DRV00060,Abdullah Al-Ali,Male,11/28/1976,Indian,Taif,550484137,abdullah.alali59@email.com,1/22/2022,Active,7/16/2023,Violation,Hyundai Sonata,UberX,2018,A 8847,4.34,3679,0.98,0.81,Pending,In Review,No
DRV00061,Mubarak Al-Marri,Male,11/18/1991,Yemeni,Jeddah,590180577,mubarak.almarri68@email.com,11/27/2018,Active,7/16/2023,Violation,Honda Accord,UberX,2022,R 9282,3.88,4555,0.9,0.91,Pending,Passed,No
DRV00062,Majed Al-Anazi,Male,6/12/1992,Egyptian,Taif,560237832,majed.alanazi20@email.com,7/24/2020,Active,7/16/2023,Violation,Lexus ES,UberBLACK,2025,A 2494,4.34,6865,0.93,0.86,Yes,Passed,No
DRV00063,Rana Al-Turki,Female,7/25/1993,Bangladeshi,Mecca,551936181,rana.alturki46@email.com,3/28/2024,Deactivated,10/8/2025,Low Rating,Hyundai Elantra,UberComfort,2019,J 9313,4.22,3484,0.96,0.94,Yes,Passed,Yes
DRV00064,Omar Al-Sulaiman,Male,12/11/1978,Indian,Abha,513523729,omar.alsulaiman78@email.com,2/14/2022,Suspended,10/31/2025,Violation,Mercedes E-Class,UberBLACK,2022,A 3955,4.31,4615,0.98,0.96,Yes,Passed,No
DRV00065,Tala Al-Saud,Female,9/2/1982,Saudi,Mecca,560491958,tala.alsaud54@email.com,8/10/2019,Active,7/16/2023,Violation,Hyundai Elantra,UberComfort,2025,D 3578,3.88,12190,0.9,0.81,Yes,Passed,Yes
DRV00066,Khalid Al-Ghamdi,Male,5/12/2001,Jordanian,Mecca,567702031,khalid.alghamdi15@email.com,12/5/2024,Inactive,9/9/2025,Document Expired,Honda Civic,UberComfort,2022,M 8972,4.53,3412,0.82,0.94,Yes,Passed,No
DRV00067,Thamer Al-Saif,Male,2/13/2006,Pakistani,Riyadh,567801537,thamer.alsaif23@email.com,2/1/2018,Active,7/16/2023,Violation,Kia Optima,UberX,2020,R 9725,4.72,12570,0.81,0.86,Yes,Passed,No
DRV00068,Thamer Al-Otaibi,Male,10/1/1977,Yemeni,Dhahran,548858073,thamer.alotaibi15@email.com,3/18/2018,Active,7/16/2023,Violation,Hyundai Sonata,UberX,2024,A 6321,4.83,9483,0.85,0.88,Yes,In Review,No
DRV00069,Lama Al-Anazi,Female,7/11/1996,Jordanian,Jeddah,532566390,lama.alanazi10@email.com,9/23/2020,Active,7/16/2023,Violation,Hyundai Elantra,UberComfort,2019,J 9355,4.43,6534,0.96,0.94,Yes,Passed,Yes
DRV00070,Ali Al-Dosari,Male,4/19/1978,Pakistani,Mecca,572270726,ali.aldosari97@email.com,11/14/2020,Active,7/16/2023,Violation,Ford Fusion,UberSELECT,2025,M 6295,3.98,12487,0.91,0.83,Yes,Passed,No
DRV00071,Huda Al-Ali,Female,3/12/1986,Saudi,Taif,517635653,huda.alali48@email.com,1/30/2025,Active,7/16/2023,Violation,Nissan Altima,UberX,2022,A 2479,4.51,5816,0.87,0.86,Pending,In Review,Yes
DRV00072,Hamed Al-Mazrou,Male,1/23/1991,Saudi,Medina,577719420,hamed.almazrou83@email.com,8/9/2021,Active,7/16/2023,Violation,Mazda 6,UberSELECT,2020,A 5059,3.98,1063,0.86,0.95,Pending,In Review,No
DRV00073,Meshari Al-Turki,Male,7/6/2003,Jordanian,Dammam,522684373,meshari.alturki72@email.com,5/6/2022,Active,7/16/2023,Violation,Toyota Corolla,UberX,2024,D 5128,4.61,907,0.94,0.92,Yes,Passed,No
DRV00074,Sultan Al-Sulaiman,Male,7/27/1989,Jordanian,Dammam,527152188,sultan.alsulaiman86@email.com,5/11/2025,Active,7/16/2023,Violation,Hyundai Elantra,UberComfort,2019,M 7937,3.95,11663,0.98,0.86,Yes,Passed,No
DRV00075,Shatha Al-Ahmadi,Female,12/5/2001,Indian,Medina,582446804,shatha.alahmadi95@email.com,10/31/2021,Active,7/16/2023,Violation,Honda Civic,UberComfort,2018,M 6517,4.03,2303,0.79,0.86,Yes,In Review,Yes
DRV00076,Bander Al-Marri,Male,4/30/1986,Saudi,Riyadh,581673763,bander.almarri31@email.com,8/10/2022,Active,7/16/2023,Violation,BMW 5 Series,UberBLACK,2022,E 8684,4.09,7327,0.9,0.94,Yes,Passed,No
DRV00077,Anoud Al-Baker,Female,2/16/2004,Pakistani,Dhahran,559823245,anoud.albaker71@email.com,8/22/2023,Active,7/16/2023,Violation,Honda Accord,UberX,2019,M 9452,4.78,13177,0.9,0.97,Yes,Passed,Yes
DRV00078,Sami Al-Marri,Male,4/9/2005,Yemeni,Abha,517148018,sami.almarri51@email.com,8/27/2019,Active,7/16/2023,Violation,Hyundai Sonata,UberX,2023,B 7326,4.94,3687,0.95,0.97,Yes,Passed,No
DRV00079,Mohammed Al-Hamdan,Male,3/29/2000,Pakistani,Jeddah,570210270,mohammed.alhamdan79@email.com,4/16/2025,Active,7/16/2023,Violation,Honda Accord,UberX,2018,A 1311,3.97,4750,0.97,0.89,Yes,Passed,No
DRV00080,Badr Al-Zahrani,Male,6/29/2001,Pakistani,Dammam,590092958,badr.alzahrani69@email.com,8/31/2020,Active,7/16/2023,Violation,Toyota Camry,UberX,2018,M 9443,4.09,10518,0.94,0.89,Yes,Passed,No
DRV00081,Raghad Al-Saud,Female,6/7/2003,Indian,Tabuk,583025444,raghad.alsaud65@email.com,12/16/2021,Active,7/16/2023,Violation,Hyundai Elantra,UberComfort,2018,R 8702,4.02,10998,0.77,0.99,Yes,In Review,No
DRV00082,Aisha Al-Sulaiman,Female,6/25/2000,Saudi,Jeddah,557284777,aisha.alsulaiman70@email.com,11/13/2021,Active,7/16/2023,Violation,Chevrolet Malibu,UberXL,2023,E 3868,4.55,12690,0.89,0.94,Pending,In Review,Yes
DRV00083,Abdullah Al-Kaabi,Male,8/8/1988,Indian,Riyadh,573538641,abdullah.alkaabi33@email.com,4/16/2021,Active,7/16/2023,Violation,Mercedes E-Class,UberBLACK,2018,E 4131,4.04,736,0.83,0.86,Yes,Passed,No
DRV00084,Hamad Al-Khalifa,Male,2/1/1998,Pakistani,Jeddah,576776459,hamad.alkhalifa48@email.com,2/16/2022,Active,7/16/2023,Violation,Hyundai Elantra,UberComfort,2022,E 2353,4.69,14707,0.98,0.86,Pending,Passed,No
DRV00085,Hanan Al-Zamil,Female,5/30/1986,Saudi,Dammam,557319709,hanan.alzamil79@email.com,8/8/2021,Suspended,10/19/2025,Inactivity,Nissan Altima,UberX,2024,D 1939,4.34,3510,0.79,0.88,Yes,In Review,Yes
DRV00086,Mohammed Al-Ghamdi,Male,4/17/1989,Bangladeshi,Tabuk,514346684,mohammed.alghamdi78@email.com,8/9/2025,Active,7/16/2023,Violation,Toyota Camry,UberX,2020,M 8371,3.95,3916,0.94,0.87,Yes,Passed,No
DRV00087,Huda Al-Mazrou,Female,2/13/1998,Pakistani,Mecca,579490594,huda.almazrou50@email.com,12/9/2023,Active,7/16/2023,Violation,Toyota Corolla,UberX,2019,D 5264,4.58,4139,0.98,0.8,Pending,Passed,No
DRV00088,Wadha Al-Fahad,Female,2/17/1992,Jordanian,Jeddah,518715975,wadha.alfahad71@email.com,7/10/2019,Active,7/16/2023,Violation,Honda Civic,UberComfort,2022,D 3580,4.01,11737,0.86,0.82,Yes,Passed,Yes
DRV00089,Faisal Al-Shehri,Male,8/4/1992,Yemeni,Medina,574245343,faisal.alshehri68@email.com,7/17/2023,Deactivated,9/28/2025,Document Expired,Mercedes E-Class,UberBLACK,2024,E 7708,4.98,1083,0.9,0.82,Yes,Passed,No
DRV00090,Huda Al-Marri,Female,9/4/2000,Yemeni,Taif,577493234,huda.almarri8@email.com,8/17/2025,Active,7/16/2023,Violation,Honda Accord,UberX,2019,J 3507,4.85,12833,0.88,0.91,Yes,Passed,Yes
DRV00091,Nawaf Al-Sabah,Male,7/15/1982,Saudi,Dammam,577454225,nawaf.alsabah83@email.com,11/20/2018,Active,7/16/2023,Violation,Chevrolet Malibu,UberXL,2020,J 3526,4.95,4546,0.78,0.86,Yes,Passed,No
DRV00092,Mohammed Al-Mutairi,Male,2/8/2005,Pakistani,Riyadh,594176528,mohammed.almutairi70@email.com,3/12/2025,Active,7/16/2023,Violation,Nissan Altima,UberX,2022,M 5949,4.58,12615,0.89,0.92,Pending,Passed,No
DRV00093,Shatha Al-Kaabi,Female,12/22/1990,Yemeni,Jeddah,527551135,shatha.alkaabi98@email.com,9/21/2025,Suspended,8/30/2025,Document Expired,Kia Optima,UberX,2023,J 2739,4.21,1196,0.83,0.94,Yes,Passed,Yes
DRV00094,Nada Al-Mahmoud,Female,6/9/1992,Saudi,Mecca,531386576,nada.almahmoud64@email.com,2/1/2019,Suspended,6/3/2024,Personal Choice,Hyundai Elantra,UberComfort,2025,R 6055,4.1,1328,0.95,0.98,Pending,Passed,Yes
DRV00095,Anoud Al-Mahmoud,Female,5/10/1985,Egyptian,Medina,582033413,anoud.almahmoud2@email.com,7/17/2024,Active,7/16/2023,Violation,Toyota Camry,UberX,2019,R 3194,4.14,9839,0.96,0.92,Yes,Passed,Yes
DRV00096,Sarah Al-Faisal,Female,10/20/1981,Egyptian,Riyadh,593650068,sarah.alfaisal88@email.com,5/24/2024,Active,7/16/2023,Violation,Toyota Corolla,UberX,2019,B 2584,4.46,1254,0.84,0.89,Pending,Passed,Yes
DRV00097,Razan Al-Ghamdi,Female,3/20/1985,Indian,Medina,571335966,razan.alghamdi20@email.com,10/3/2024,Active,7/16/2023,Violation,Mazda 6,UberSELECT,2020,D 6218,3.85,687,0.78,0.86,Yes,In Review,No
DRV00098,Joud Al-Khalid,Female,7/20/2001,Yemeni,Abha,588343175,joud.alkhalid40@email.com,12/21/2023,Active,7/16/2023,Violation,Ford Fusion,UberSELECT,2018,J 8775,4.16,13415,0.75,0.86,Yes,Passed,Yes
DRV00099,Dana Al-Sabah,Female,8/13/2005,Pakistani,Tabuk,552103092,dana.alsabah54@email.com,4/7/2022,Active,7/16/2023,Violation,Chevrolet Malibu,UberXL,2020,R 4340,4.09,9430,0.98,0.82,Pending,In Review,No
DRV00100,Nasser Al-Sabah,Male,7/21/1982,Jordanian,Medina,583319550,nasser.alsabah46@email.com,4/16/2024,Active,7/16/2023,Violation,Chevrolet Malibu,UberXL,2022,J 8932,4.37,6223,0.83,0.83,Yes,Passed,No
DRV00101,Shatha Al-Hassan,Female,3/14/1994,Egyptian,Dammam,526357665,shatha.alhassan74@email.com,3/29/2021,Active,7/16/2023,Violation,BMW 5 Series,UberBLACK,2024,R 6654,4.65,5244,0.87,0.91,Yes,Passed,Yes
DRV00102,Nawaf Al-Marri,Male,11/6/1978,Bangladeshi,Dammam,542115895,nawaf.almarri32@email.com,5/17/2023,Active,7/16/2023,Violation,Lexus ES,UberBLACK,2018,M 9700,4.45,9258,0.92,0.83,Yes,Passed,No
DRV00103,Omar Al-Shammari,Male,7/31/1993,Jordanian,Khobar,548307798,omar.alshammari83@email.com,4/19/2023,Inactive,10/26/2023,Personal Choice,Audi A6,UberSELECT,2018,E 2465,3.99,3916,0.86,0.84,Yes,Passed,No
DRV00104,Ziyad Al-Ahmadi,Male,1/19/2006,Egyptian,Riyadh,586230551,ziyad.alahmadi78@email.com,6/15/2022,Active,7/16/2023,Violation,Honda Accord,UberX,2019,D 5662,4.92,14341,0.97,0.97,Pending,In Review,No
DRV00105,Jasser Al-Khalifa,Male,5/6/1991,Egyptian,Medina,586206305,jasser.alkhalifa87@email.com,4/7/2019,Active,7/16/2023,Violation,BMW 5 Series,UberBLACK,2021,B 7643,4.35,4265,0.92,0.8,Pending,Passed,No
DRV00106,Thamer Al-Dosari,Male,6/28/1994,Jordanian,Mecca,550526484,thamer.aldosari75@email.com,7/30/2019,Active,7/16/2023,Violation,Audi A6,UberSELECT,2018,D 6890,4.1,4322,0.84,0.88,Yes,Passed,No
DRV00107,Jasser Al-Saleh,Male,10/25/1977,Egyptian,Mecca,559330907,jasser.alsaleh79@email.com,7/19/2022,Active,7/16/2023,Violation,Audi A6,UberSELECT,2021,B 3188,4.87,11577,0.93,0.93,Pending,Passed,No
DRV00108,Razan Al-Shammari,Female,9/28/1979,Saudi,Abha,580532309,razan.alshammari58@email.com,4/13/2023,Active,7/16/2023,Violation,Mercedes E-Class,UberBLACK,2023,A 2838,4.6,3628,0.93,0.93,Yes,Passed,Yes
DRV00109,Bander Al-Hamdan,Male,6/11/1983,Yemeni,Abha,571310453,bander.alhamdan73@email.com,12/15/2022,Inactive,8/4/2025,Document Expired,Hyundai Sonata,UberX,2018,J 8575,4.88,3669,0.94,0.89,Yes,Passed,No
DRV00110,Wafa Al-Saud,Female,8/3/1993,Yemeni,Medina,534156684,wafa.alsaud99@email.com,6/26/2024,Suspended,7/5/2025,Low Rating,Mazda 6,UberSELECT,2020,E 7887,4.99,585,0.99,0.89,Yes,In Review,Yes
DRV00111,Layan Al-Mutairi,Female,6/23/1996,Saudi,Abha,513051483,layan.almutairi39@email.com,6/29/2019,Active,7/16/2023,Violation,Toyota Corolla,UberX,2025,M 9920,3.94,8852,0.84,0.82,Pending,In Review,No
DRV00112,Jasser Al-Sulaiman,Male,11/19/1978,Saudi,Mecca,542301683,jasser.alsulaiman27@email.com,2/3/2021,Active,7/16/2023,Violation,Audi A6,UberSELECT,2019,A 1550,4.67,1898,0.76,0.93,Pending,Passed,No
DRV00113,Fahad Al-Faisal,Male,12/18/1995,Bangladeshi,Taif,552802529,fahad.alfaisal74@email.com,8/17/2020,Active,7/16/2023,Violation,Mercedes E-Class,UberBLACK,2023,B 5944,4.84,974,0.78,0.99,Yes,Passed,No
DRV00114,Shatha Al-Khalifa,Female,3/26/1984,Saudi,Riyadh,556226575,shatha.alkhalifa83@email.com,3/30/2024,Active,7/16/2023,Violation,Audi A6,UberSELECT,2024,E 9592,4.68,2919,0.9,0.88,Yes,In Review,Yes
DRV00115,Layan Al-Ahmadi,Female,11/18/2003,Indian,Abha,565388634,layan.alahmadi54@email.com,4/24/2023,Active,7/16/2023,Violation,Kia Optima,UberX,2020,R 4978,4.16,11642,0.78,0.89,Yes,Passed,Yes
DRV00116,Hamed Al-Turki,Male,3/15/2003,Saudi,Jeddah,588864147,hamed.alturki93@email.com,1/3/2024,Active,7/16/2023,Violation,Kia Optima,UberX,2021,R 4422,3.86,6229,0.91,0.91,Yes,Passed,No
DRV00117,Majed Al-Fahad,Male,1/15/1992,Egyptian,Jeddah,561091554,majed.alfahad60@email.com,5/16/2023,Active,7/16/2023,Violation,BMW 5 Series,UberBLACK,2023,D 5285,4.53,3400,0.85,0.85,Yes,In Review,No
DRV00118,Rana Al-Ali,Female,10/8/1994,Indian,Khobar,588387434,rana.alali75@email.com,4/12/2020,Active,7/16/2023,Violation,Hyundai Elantra,UberComfort,2024,D 3497,3.85,14207,0.8,0.83,Yes,Passed,Yes
DRV00119,Mubarak Al-Jasser,Male,9/1/1990,Saudi,Khobar,528784915,mubarak.aljasser93@email.com,11/20/2020,Active,7/16/2023,Violation,Honda Civic,UberComfort,2025,B 9882,4.96,10563,0.93,0.89,Yes,Passed,No
DRV00120,Khalid Al-Saud,Male,9/22/1989,Saudi,Dhahran,592924441,khalid.alsaud82@email.com,7/18/2019,Active,7/16/2023,Violation,Kia Optima,UberX,2025,M 8993,3.88,2524,0.75,0.9,Yes,Passed,No
DRV00121,Fatima Al-Rashid,Female,6/4/1998,Saudi,Abha,522927031,fatima.alrashid68@email.com,1/30/2021,Active,7/16/2023,Violation,Nissan Altima,UberX,2020,B 4144,3.82,13372,0.92,0.88,Yes,Passed,Yes
DRV00122,Lama Al-Turki,Female,4/25/1977,Saudi,Dhahran,522549425,lama.alturki52@email.com,2/24/2023,Active,7/16/2023,Violation,BMW 5 Series,UberBLACK,2024,R 8798,4.07,11257,0.95,0.82,Yes,Passed,Yes
DRV00123,Mubarak Al-Anazi,Male,1/15/1981,Pakistani,Khobar,546385762,mubarak.alanazi6@email.com,5/6/2024,Active,7/16/2023,Violation,Hyundai Sonata,UberX,2019,M 5593,4.87,747,0.81,0.97,Yes,Passed,No
DRV00124,Aisha Al-Nasser,Female,1/17/1981,Yemeni,Tabuk,582553061,aisha.alnasser43@email.com,8/14/2019,Active,7/16/2023,Violation,BMW 5 Series,UberBLACK,2024,E 3292,4.79,1310,0.82,0.91,Yes,Passed,Yes
DRV00125,Ghada Al-Harbi,Female,4/4/1986,Pakistani,Khobar,540620216,ghada.alharbi46@email.com,10/14/2024,Active,7/16/2023,Violation,Ford Fusion,UberSELECT,2024,R 4043,4.28,12723,0.83,0.92,Pending,Passed,Yes
DRV00126,Amal Al-Harbi,Female,9/8/2001,Saudi,Jeddah,510697290,amal.alharbi40@email.com,1/2/2021,Active,7/16/2023,Violation,BMW 5 Series,UberBLACK,2025,D 5419,4.74,2577,0.93,0.86,Yes,Passed,Yes
DRV00127,Nada Al-Jasser,Female,11/30/1991,Yemeni,Abha,511656329,nada.aljasser38@email.com,9/30/2023,Active,7/16/2023,Violation,Toyota Camry,UberX,2024,R 2387,3.91,9130,0.77,0.91,Yes,Passed,Yes
DRV00128,Nasser Al-Khalifa,Male,1/6/2003,Jordanian,Dammam,543782566,nasser.alkhalifa32@email.com,1/4/2021,Active,7/16/2023,Violation,Hyundai Sonata,UberX,2025,J 4203,4,4571,0.85,0.89,Pending,Passed,No
DRV00129,Saleh Al-Saud,Male,4/6/1977,Bangladeshi,Dhahran,528270317,saleh.alsaud39@email.com,9/22/2021,Active,7/16/2023,Violation,Hyundai Elantra,UberComfort,2023,J 4290,4.76,5449,0.86,0.88,Pending,Passed,No
DRV00130,Thamer Al-Hamdan,Male,11/3/1988,Jordanian,Dammam,525285764,thamer.alhamdan73@email.com,10/17/2025,Active,7/16/2023,Violation,Ford Fusion,UberSELECT,2021,J 9939,4.74,5389,0.84,0.96,Yes,Passed,No
DRV00131,Samar Al-Marri,Female,7/22/1989,Saudi,Dammam,570272714,samar.almarri77@email.com,10/8/2025,Suspended,8/26/2025,Violation,Chevrolet Malibu,UberXL,2025,J 7566,4.16,2089,0.91,0.94,Pending,Passed,Yes
DRV00132,Lama Al-Dosari,Female,6/15/1977,Yemeni,Medina,554506155,lama.aldosari56@email.com,5/17/2025,Active,7/16/2023,Violation,Honda Accord,UberX,2019,A 2615,4.58,775,0.89,0.92,Yes,Passed,Yes
DRV00133,Hamed Al-Turki,Male,10/11/2001,Egyptian,Dhahran,565831276,hamed.alturki11@email.com,3/12/2023,Active,7/16/2023,Violation,Ford Fusion,UberSELECT,2019,E 3321,4.63,2519,0.83,0.8,Yes,Passed,No
DRV00134,Anoud Al-Nasser,Female,6/17/2004,Saudi,Abha,513031322,anoud.alnasser44@email.com,6/2/2023,Active,7/16/2023,Violation,Hyundai Sonata,UberX,2019,M 3692,4.33,11465,0.86,0.81,Yes,Passed,Yes
DRV00135,Raghad Al-Kaabi,Female,8/13/1997,Pakistani,Medina,589484162,raghad.alkaabi55@email.com,7/18/2022,Active,7/16/2023,Violation,Honda Accord,UberX,2024,A 4519,4.57,7130,0.84,0.94,Yes,Passed,Yes
DRV00136,Omar Al-Zamil,Male,10/18/1977,Jordanian,Mecca,590124068,omar.alzamil50@email.com,2/7/2022,Active,7/16/2023,Violation,Honda Civic,UberComfort,2024,J 2871,3.94,11038,0.96,0.9,Yes,Passed,No
DRV00137,Hanan Al-Saleh,Female,9/15/1987,Bangladeshi,Tabuk,528504235,hanan.alsaleh74@email.com,8/14/2024,Inactive,12/1/2025,Violation,Nissan Altima,UberX,2024,R 4043,3.94,3078,0.92,0.9,Pending,Passed,Yes
DRV00138,Jawaher Al-Shehri,Female,9/18/1997,Yemeni,Mecca,585374270,jawaher.alshehri65@email.com,7/12/2021,Active,7/16/2023,Violation,Ford Fusion,UberSELECT,2025,R 9056,3.86,5932,0.98,0.89,Pending,In Review,Yes
DRV00139,Mohammed Al-Hassan,Male,3/31/1984,Indian,Dammam,578559218,mohammed.alhassan15@email.com,5/14/2018,Active,7/16/2023,Violation,Mazda 6,UberSELECT,2019,D 9898,4.15,12841,0.86,0.94,Yes,Passed,No
DRV00140,Samar Al-Anazi,Female,7/25/2002,Pakistani,Jeddah,525755285,samar.alanazi31@email.com,5/1/2025,Active,7/16/2023,Violation,Nissan Altima,UberX,2021,E 6744,4.85,578,0.86,0.87,Pending,Passed,Yes
DRV00141,Majed Al-Qahtani,Male,10/10/1980,Egyptian,Tabuk,579043610,majed.alqahtani87@email.com,12/7/2021,Active,7/16/2023,Violation,Ford Fusion,UberSELECT,2019,B 7743,4.45,5352,0.98,0.86,Yes,Passed,No
DRV00142,Nasser Al-Mahmoud,Male,2/5/1978,Egyptian,Mecca,594263610,nasser.almahmoud54@email.com,12/23/2025,Active,7/16/2023,Violation,Kia Optima,UberX,2024,R 2237,4.71,11129,0.84,0.83,Yes,In Review,No
DRV00143,Razan Al-Kaabi,Female,12/27/1977,Jordanian,Taif,518500100,razan.alkaabi69@email.com,9/2/2021,Active,7/16/2023,Violation,Lexus ES,UberBLACK,2024,B 8039,4.73,12054,0.77,0.98,Yes,In Review,Yes
DRV00144,Joud Al-Jasser,Female,12/31/2001,Pakistani,Tabuk,512185246,joud.aljasser16@email.com,6/19/2019,Active,7/16/2023,Violation,Honda Civic,UberComfort,2020,R 8479,4.75,14699,0.91,0.81,Yes,In Review,Yes
DRV00145,Saleh Al-Malki,Male,9/8/1988,Egyptian,Dammam,541426254,saleh.almalki55@email.com,1/18/2019,Active,7/16/2023,Violation,Nissan Altima,UberX,2019,M 2559,3.9,10937,0.97,0.83,Yes,Passed,No
DRV00146,Huda Al-Shehri,Female,7/10/1987,Saudi,Tabuk,574115841,huda.alshehri10@email.com,7/15/2020,Active,7/16/2023,Violation,Honda Civic,UberComfort,2021,R 2463,3.81,11446,0.83,0.82,Yes,Passed,Yes
DRV00147,Maha Al-Mansour,Female,9/22/1986,Jordanian,Mecca,538595818,maha.almansour81@email.com,3/12/2025,Active,7/16/2023,Violation,Honda Accord,UberX,2020,R 8248,3.88,9278,0.75,0.92,Yes,Passed,No
DRV00148,Yousef Al-Rumaih,Male,8/23/1981,Bangladeshi,Dhahran,590531692,yousef.alrumaih93@email.com,12/10/2021,Active,7/16/2023,Violation,Toyota Corolla,UberX,2022,E 1439,4.75,4109,0.82,0.82,Yes,Passed,No
DRV00149,Thamer Al-Baker,Male,12/4/2005,Jordanian,Riyadh,552476240,thamer.albaker17@email.com,9/7/2020,Active,7/16/2023,Violation,Hyundai Sonata,UberX,2024,E 7895,4.09,10504,0.89,0.9,Yes,Passed,No
DRV00150,Huda Al-Rashid,Female,10/31/1987,Yemeni,Tabuk,563992760,huda.alrashid11@email.com,10/4/2018,Inactive,6/22/2019,Low Rating,Mercedes E-Class,UberBLACK,2020,D 2369,4.28,2366,0.9,0.9,Yes,Passed,Yes
DRV00151,Sultan Al-Zamil,Male,11/4/1986,Saudi,Khobar,517772004,sultan.alzamil32@email.com,5/20/2022,Active,7/16/2023,Violation,Mercedes E-Class,UberBLACK,2019,R 2900,4.8,11208,0.9,0.86,Pending,Passed,No
DRV00152,Hanan Al-Zahrani,Female,11/2/1994,Saudi,Riyadh,559911470,hanan.alzahrani17@email.com,12/9/2025,Active,7/16/2023,Violation,Toyota Camry,UberX,2022,M 2934,4,5730,0.88,0.95,Yes,Passed,No
DRV00153,Huda Al-Farsi,Female,11/7/2001,Bangladeshi,Tabuk,525479814,huda.alfarsi30@email.com,1/14/2025,Suspended,9/30/2025,Low Rating,Honda Civic,UberComfort,2018,A 1201,4.83,1387,0.84,0.85,Yes,Passed,Yes
DRV00154,Lina Al-Ahmadi,Female,2/12/1992,Egyptian,Riyadh,520453825,lina.alahmadi74@email.com,3/14/2024,Active,7/16/2023,Violation,BMW 5 Series,UberBLACK,2023,A 9225,4.69,6920,0.8,0.85,Yes,Passed,Yes
DRV00155,Thamer Al-Harbi,Male,5/21/1993,Bangladeshi,Taif,550790016,thamer.alharbi95@email.com,3/2/2021,Active,7/16/2023,Violation,Nissan Altima,UberX,2021,R 7033,4.19,9111,0.86,0.87,Pending,Passed,No
DRV00156,Sultan Al-Saud,Male,5/27/2006,Yemeni,Dhahran,551273379,sultan.alsaud14@email.com,4/8/2018,Active,7/16/2023,Violation,Toyota Corolla,UberX,2021,J 4902,4.56,11411,0.96,0.98,Pending,In Review,No
DRV00157,Sultan Al-Khalifa,Male,8/28/2002,Bangladeshi,Jeddah,522828128,sultan.alkhalifa65@email.com,6/29/2018,Active,7/16/2023,Violation,Audi A6,UberSELECT,2020,M 7461,4.81,6817,0.92,0.87,Yes,Passed,No
DRV00158,Maha Al-Mahmoud,Female,2/27/1986,Egyptian,Dammam,541354768,maha.almahmoud10@email.com,12/5/2020,Active,7/16/2023,Violation,Audi A6,UberSELECT,2021,B 2785,4.76,11530,0.95,0.86,Yes,Passed,Yes
DRV00159,Maram Al-Shammari,Female,5/30/2002,Saudi,Jeddah,550831043,maram.alshammari91@email.com,1/5/2024,Active,7/16/2023,Violation,Mercedes E-Class,UberBLACK,2018,B 6370,4.05,5101,0.86,0.96,Yes,Passed,Yes
DRV00160,Yara Al-Khalid,Female,7/12/1981,Indian,Riyadh,543534652,yara.alkhalid13@email.com,8/5/2025,Active,7/16/2023,Violation,Lexus ES,UberBLACK,2025,A 3290,4.99,559,0.98,0.96,Yes,Passed,Yes
DRV00161,Nasser Al-Fahad,Male,6/27/2005,Saudi,Dhahran,536541600,nasser.alfahad83@email.com,3/5/2022,Active,7/16/2023,Violation,Chevrolet Malibu,UberXL,2025,E 3110,3.9,9652,0.81,0.95,Yes,Passed,No
DRV00162,Fahad Al-Kaabi,Male,4/30/1987,Saudi,Riyadh,557505459,fahad.alkaabi28@email.com,11/20/2019,Active,7/16/2023,Violation,Hyundai Elantra,UberComfort,2020,D 5585,4.79,6521,0.87,0.87,Pending,Passed,No
DRV00163,Ali Al-Baker,Male,8/21/1977,Indian,Taif,543440045,ali.albaker81@email.com,8/15/2022,Active,7/16/2023,Violation,Honda Civic,UberComfort,2018,R 6883,3.87,4633,0.84,0.88,Pending,In Review,No
DRV00164,Maram Al-Mansour,Female,9/19/1982,Jordanian,Dammam,588381665,maram.almansour30@email.com,1/7/2020,Deactivated,9/26/2021,Low Rating,Audi A6,UberSELECT,2020,A 5060,4.77,2321,0.76,0.99,Yes,Passed,Yes
DRV00165,Hassan Al-Mazrou,Male,5/16/1990,Bangladeshi,Dhahran,513785821,hassan.almazrou91@email.com,12/24/2021,Active,7/16/2023,Violation,Lexus ES,UberBLACK,2023,J 3328,4.01,3925,0.89,0.95,Yes,In Review,No
DRV00166,Hanan Al-Mohammed,Female,8/12/2000,Jordanian,Riyadh,533818260,hanan.almohammed42@email.com,1/5/2019,Deactivated,9/24/2020,Low Rating,Mazda 6,UberSELECT,2018,A 3420,4.37,2737,0.97,0.84,Yes,Passed,No
DRV00167,Huda Al-Turki,Female,4/4/1981,Bangladeshi,Dhahran,557892314,huda.alturki29@email.com,7/28/2024,Suspended,11/27/2025,Violation,BMW 5 Series,UberBLACK,2020,R 6026,4.94,4011,0.91,0.83,Yes,Passed,Yes
DRV00168,Thamer Al-Mazrou,Male,3/17/1984,Saudi,Riyadh,554448673,thamer.almazrou96@email.com,1/16/2020,Active,7/16/2023,Violation,Audi A6,UberSELECT,2019,B 6682,4.77,10066,0.8,0.91,Yes,Passed,No
DRV00169,Hamad Al-Marri,Male,4/22/2004,Yemeni,Riyadh,568816911,hamad.almarri94@email.com,12/22/2020,Active,7/16/2023,Violation,BMW 5 Series,UberBLACK,2024,B 7783,3.88,4255,0.94,0.94,Pending,In Review,No
DRV00170,Layan Al-Dosari,Female,3/28/1993,Saudi,Taif,552777459,layan.aldosari34@email.com,6/25/2024,Active,7/16/2023,Violation,Chevrolet Malibu,UberXL,2019,A 6600,4.07,7443,0.77,0.96,Yes,In Review,Yes
DRV00171,Saad Al-Rajhi,Male,6/3/1999,Saudi,Tabuk,523590593,saad.alrajhi43@email.com,11/18/2024,Active,7/16/2023,Violation,BMW 5 Series,UberBLACK,2021,B 7705,3.84,10759,0.79,0.97,Yes,Passed,No
DRV00172,Amal Al-Dosari,Female,4/3/1993,Bangladeshi,Riyadh,574468586,amal.aldosari26@email.com,5/29/2022,Active,7/16/2023,Violation,Lexus ES,UberBLACK,2019,A 4390,4.39,943,0.84,0.88,Yes,Passed,No
DRV00173,Reem Al-Saleh,Female,5/10/1989,Jordanian,Dhahran,535042738,reem.alsaleh58@email.com,4/13/2023,Active,7/16/2023,Violation,Chevrolet Malibu,UberXL,2018,D 8204,4.12,10566,0.88,0.84,Pending,Passed,Yes
DRV00174,Noura Al-Ghamdi,Female,2/6/1989,Indian,Jeddah,566187845,noura.alghamdi69@email.com,12/18/2018,Active,7/16/2023,Violation,Mercedes E-Class,UberBLACK,2025,J 4860,4.45,12443,0.89,0.91,Pending,Passed,Yes
DRV00175,Sultan Al-Zahrani,Male,12/14/2002,Yemeni,Taif,537101146,sultan.alzahrani81@email.com,12/10/2019,Active,7/16/2023,Violation,Honda Accord,UberX,2020,E 5225,4.97,13295,0.8,0.81,Yes,Passed,No
DRV00176,Mishal Al-Jasser,Male,2/10/1980,Indian,Dhahran,566316931,mishal.aljasser15@email.com,3/11/2024,Active,7/16/2023,Violation,Nissan Altima,UberX,2024,B 3428,4.42,14360,0.75,0.93,Yes,Passed,No
DRV00177,Waleed Al-Zamil,Male,5/22/1988,Saudi,Khobar,592979370,waleed.alzamil78@email.com,8/11/2022,Active,7/16/2023,Violation,Chevrolet Malibu,UberXL,2024,A 7484,4.38,10027,0.86,0.83,Yes,Passed,No
DRV00178,Khalil Al-Khalifa,Male,1/22/2002,Saudi,Khobar,528036919,khalil.alkhalifa39@email.com,3/24/2018,Active,7/16/2023,Violation,Mercedes E-Class,UberBLACK,2025,E 6257,4.16,4643,0.95,0.96,Yes,In Review,No
DRV00179,Faisal Al-Marri,Male,5/3/1999,Saudi,Medina,551758234,faisal.almarri91@email.com,7/26/2022,Active,7/16/2023,Violation,Mercedes E-Class,UberBLACK,2024,B 9589,4.42,6176,0.95,0.9,Yes,Passed,No
DRV00180,Faisal Al-Qahtani,Male,10/23/1983,Yemeni,Medina,595283260,faisal.alqahtani16@email.com,5/16/2018,Active,7/16/2023,Violation,Audi A6,UberSELECT,2018,B 7102,4.23,3312,0.82,0.96,Pending,In Review,No
DRV00181,Khalil Al-Rumaih,Male,3/27/2005,Yemeni,Abha,516664050,khalil.alrumaih21@email.com,12/3/2021,Active,7/16/2023,Violation,Lexus ES,UberBLACK,2021,E 4626,4.87,12320,0.95,0.82,Yes,Passed,No
DRV00182,Sadeem Al-Khalid,Female,8/20/1977,Egyptian,Riyadh,566882385,sadeem.alkhalid49@email.com,8/26/2025,Inactive,11/17/2025,Personal Choice,Mercedes E-Class,UberBLACK,2023,R 5128,3.81,2087,0.9,0.98,Yes,In Review,Yes
DRV00183,Rana Al-Saud,Female,8/13/2001,Pakistani,Abha,518568064,rana.alsaud44@email.com,6/6/2025,Active,7/16/2023,Violation,Lexus ES,UberBLACK,2022,M 6327,4.25,10656,0.89,0.85,Yes,Passed,Yes
DRV00184,Mona Al-Ghamdi,Female,3/10/2000,Saudi,Abha,597966375,mona.alghamdi64@email.com,9/11/2020,Active,7/16/2023,Violation,Mercedes E-Class,UberBLACK,2022,D 7857,4.83,13321,0.89,0.93,Pending,In Review,Yes
DRV00185,Hamad Al-Hassan,Male,12/19/1976,Indian,Abha,534311643,hamad.alhassan38@email.com,2/27/2025,Active,7/16/2023,Violation,Audi A6,UberSELECT,2019,R 3096,4.93,5923,0.87,0.96,Yes,Passed,No
DRV00186,Lama Al-Hassan,Female,4/11/1993,Pakistani,Khobar,525808361,lama.alhassan61@email.com,7/3/2020,Active,7/16/2023,Violation,Nissan Altima,UberX,2018,E 2166,4.3,14580,0.83,0.85,Pending,Passed,Yes
DRV00187,Shatha Al-Shammari,Female,1/16/2000,Jordanian,Riyadh,534207075,shatha.alshammari11@email.com,9/10/2019,Active,7/16/2023,Violation,Kia Optima,UberX,2025,D 3897,4.21,9379,0.96,0.99,Yes,Passed,Yes
DRV00188,Samar Al-Malki,Female,5/15/1988,Yemeni,Tabuk,574075580,samar.almalki50@email.com,10/11/2019,Active,7/16/2023,Violation,Mercedes E-Class,UberBLACK,2018,A 9745,4.74,2170,0.9,0.92,Yes,Passed,No
DRV00189,Mona Al-Rashid,Female,11/21/1983,Bangladeshi,Riyadh,551086072,mona.alrashid22@email.com,1/10/2025,Active,7/16/2023,Violation,Kia Optima,UberX,2019,E 1749,4.63,5691,0.82,0.82,Yes,Passed,Yes
DRV00190,Raghad Al-Shehri,Female,3/21/1996,Saudi,Khobar,527610141,raghad.alshehri28@email.com,7/1/2023,Active,7/16/2023,Violation,Kia Optima,UberX,2018,J 9267,4,14908,0.97,0.88,Yes,Passed,Yes
DRV00191,Mishal Al-Farsi,Male,2/17/1995,Pakistani,Abha,530552371,mishal.alfarsi27@email.com,12/27/2024,Inactive,12/4/2025,Low Rating,Toyota Camry,UberX,2018,D 7895,4.63,3434,0.86,0.82,Yes,Passed,No
DRV00192,Ziyad Al-Dosari,Male,5/30/1990,Yemeni,Abha,549641367,ziyad.aldosari21@email.com,12/5/2024,Inactive,12/4/2025,Document Expired,Kia Optima,UberX,2018,J 9132,4.53,2174,0.95,0.98,Yes,In Review,No
DRV00193,Amal Al-Saud,Female,12/27/1994,Saudi,Riyadh,571304112,amal.alsaud38@email.com,7/14/2025,Inactive,8/7/2025,Document Expired,Honda Accord,UberX,2022,R 1820,4.94,4211,0.77,0.94,Yes,Passed,No
DRV00194,Razan Al-Hamdan,Female,7/29/1978,Egyptian,Dhahran,522475714,razan.alhamdan48@email.com,4/20/2019,Inactive,11/5/2019,Violation,Chevrolet Malibu,UberXL,2023,B 2865,4.58,2712,0.84,0.88,Pending,In Review,No
DRV00195,Layan Al-Ali,Female,4/26/1999,Saudi,Dhahran,565838294,layan.alali76@email.com,4/11/2025,Active,7/16/2023,Violation,Honda Accord,UberX,2025,E 8178,3.94,11456,0.92,0.99,Yes,In Review,Yes
DRV00196,Nasser Al-Ali,Male,12/4/1982,Bangladeshi,Taif,585834657,nasser.alali29@email.com,4/8/2019,Active,7/16/2023,Violation,Honda Civic,UberComfort,2023,J 9570,3.86,4336,0.91,0.8,Yes,In Review,No
DRV00197,Khalil Al-Sulaiman,Male,6/5/1999,Indian,Dhahran,572986894,khalil.alsulaiman64@email.com,9/1/2019,Active,7/16/2023,Violation,Mazda 6,UberSELECT,2020,A 9055,4.87,10091,0.76,0.92,Yes,Passed,No
DRV00198,Hind Al-Qahtani,Female,10/5/1980,Pakistani,Abha,521813825,hind.alqahtani64@email.com,7/1/2020,Active,7/16/2023,Violation,Hyundai Elantra,UberComfort,2025,D 2944,4.28,3900,0.77,0.88,Pending,Passed,Yes
DRV00199,Sarah Al-Jasser,Female,3/29/1981,Saudi,Abha,597858385,sarah.aljasser86@email.com,1/1/2018,Active,7/16/2023,Violation,Mercedes E-Class,UberBLACK,2025,D 6953,4.53,10192,0.9,0.97,Yes,Passed,No
DRV00200,Aljohara Al-Turki,Female,9/12/2001,Saudi,Taif,532032560,aljohara.alturki64@email.com,4/13/2019,Deactivated,1/6/2021,Low Rating,Toyota Corolla,UberX,2020,E 7704,4.23,2411,0.88,0.87,Yes,Passed,Yes
DRV00201,Yousef Al-Faisal,Male,1/22/1978,Bangladeshi,Medina,526538199,yousef.alfaisal99@email.com,2/16/2023,Active,7/16/2023,Violation,Kia Optima,UberX,2025,R 9260,4.66,1815,0.93,0.81,Yes,In Review,No
DRV00202,Khalid Al-Jasser,Male,9/15/2000,Saudi,Dhahran,561996696,khalid.aljasser85@email.com,7/24/2024,Active,7/16/2023,Violation,Mazda 6,UberSELECT,2023,J 7302,4.74,14962,0.79,0.91,Pending,Passed,No
DRV00203,Yara Al-Rajhi,Female,11/22/1981,Jordanian,Dammam,584300459,yara.alrajhi81@email.com,1/29/2023,Active,7/16/2023,Violation,Honda Accord,UberX,2021,B 4435,4.3,11519,0.96,0.9,Yes,Passed,No
DRV00204,Turki Al-Khalid,Male,7/16/1976,Yemeni,Abha,581659221,turki.alkhalid37@email.com,10/14/2025,Active,7/16/2023,Violation,BMW 5 Series,UberBLACK,2024,E 1209,3.94,5821,0.88,0.91,Yes,Passed,No
DRV00205,Lina Al-Qahtani,Female,9/7/2003,Egyptian,Riyadh,537380537,lina.alqahtani97@email.com,3/29/2020,Active,7/16/2023,Violation,Mercedes E-Class,UberBLACK,2018,D 8415,3.99,4745,0.91,0.83,Yes,Passed,Yes
DRV00206,Amal Al-Khalid,Female,6/10/1992,Indian,Dammam,517221208,amal.alkhalid2@email.com,10/9/2025,Active,7/16/2023,Violation,Audi A6,UberSELECT,2022,B 8259,4.26,6875,0.98,0.99,Yes,Passed,Yes
DRV00207,Faisal Al-Baker,Male,8/23/2004,Yemeni,Taif,547461811,faisal.albaker72@email.com,12/28/2019,Active,7/16/2023,Violation,Hyundai Sonata,UberX,2022,B 3636,4.02,2897,0.93,0.82,Yes,Passed,No
DRV00208,Anoud Al-Ghamdi,Female,6/17/1984,Bangladeshi,Riyadh,583841249,anoud.alghamdi46@email.com,9/22/2019,Active,7/16/2023,Violation,Ford Fusion,UberSELECT,2019,E 6207,3.86,10296,0.9,0.93,Yes,Passed,Yes
DRV00209,Ziyad Al-Zamil,Male,3/1/1985,Indian,Abha,597147586,ziyad.alzamil2@email.com,7/11/2022,Inactive,11/7/2025,Inactivity,Toyota Corolla,UberX,2019,M 6668,4.23,1809,0.98,0.92,Pending,Passed,No
DRV00210,Fahad Al-Hamdan,Male,8/24/1989,Indian,Dhahran,578281335,fahad.alhamdan58@email.com,4/10/2019,Active,7/16/2023,Violation,Mazda 6,UberSELECT,2025,A 5856,4.67,454,0.97,0.96,Yes,Passed,No
DRV00211,Omar Al-Malki,Male,12/11/1986,Saudi,Abha,530636590,omar.almalki4@email.com,12/25/2023,Inactive,8/27/2025,Violation,Lexus ES,UberBLACK,2025,M 6434,4.62,871,0.8,0.96,Yes,Passed,No
DRV00212,Khalid Al-Ahmadi,Male,2/27/2001,Indian,Dammam,510791740,khalid.alahmadi83@email.com,4/4/2024,Inactive,9/18/2025,Document Expired,Honda Civic,UberComfort,2019,E 1745,4.56,3567,0.83,0.87,Yes,Passed,No
DRV00213,Waleed Al-Saleh,Male,6/15/1999,Indian,Tabuk,539509878,waleed.alsaleh18@email.com,12/21/2018,Active,7/16/2023,Violation,Audi A6,UberSELECT,2024,E 9941,4.33,6523,0.95,0.81,Yes,Passed,No
DRV00214,Razan Al-Saud,Female,8/25/2002,Egyptian,Abha,538192821,razan.alsaud96@email.com,3/23/2024,Active,7/16/2023,Violation,Toyota Camry,UberX,2023,B 7760,3.81,9825,0.84,0.9,Yes,Passed,Yes
DRV00215,Mona Al-Zahrani,Female,10/10/1985,Indian,Mecca,519817298,mona.alzahrani38@email.com,7/11/2025,Active,7/16/2023,Violation,Lexus ES,UberBLACK,2019,D 2608,3.87,12355,0.97,0.99,Yes,In Review,No
DRV00216,Maha Al-Mahmoud,Female,10/2/1992,Bangladeshi,Jeddah,530454105,maha.almahmoud73@email.com,3/13/2021,Active,7/16/2023,Violation,Audi A6,UberSELECT,2023,E 6182,4.03,8010,0.86,0.92,Pending,Passed,Yes
DRV00217,Hassan Al-Anazi,Male,10/6/1992,Pakistani,Dammam,584044139,hassan.alanazi14@email.com,1/12/2022,Active,7/16/2023,Violation,BMW 5 Series,UberBLACK,2020,M 2343,4.2,7913,0.86,0.87,Yes,Passed,No
DRV00218,Ibrahim Al-Harbi,Male,12/3/1996,Saudi,Jeddah,584033693,ibrahim.alharbi34@email.com,3/18/2018,Active,7/16/2023,Violation,Chevrolet Malibu,UberXL,2025,M 3435,3.84,9583,0.89,0.95,Yes,In Review,No
DRV00219,Waleed Al-Shehri,Male,12/3/1978,Saudi,Taif,579006257,waleed.alshehri18@email.com,8/15/2023,Active,7/16/2023,Violation,Hyundai Elantra,UberComfort,2025,B 3935,4.24,223,0.91,0.96,Yes,In Review,No
DRV00220,Sarah Al-Hassan,Female,5/20/2004,Saudi,Taif,597043518,sarah.alhassan42@email.com,8/7/2020,Suspended,5/28/2022,Low Rating,Chevrolet Malibu,UberXL,2019,M 9542,4.05,2979,0.84,0.97,Yes,Passed,Yes
DRV00221,Mishal Al-Mansour,Male,4/21/1983,Yemeni,Khobar,557365168,mishal.almansour45@email.com,8/4/2024,Active,7/16/2023,Violation,Lexus ES,UberBLACK,2025,E 8898,3.89,4171,0.84,0.97,Yes,Passed,No
DRV00222,Dana Al-Hassan,Female,2/27/2001,Saudi,Jeddah,565648506,dana.alhassan43@email.com,10/9/2023,Active,7/16/2023,Violation,Kia Optima,UberX,2019,R 8844,3.98,2628,0.84,0.94,Pending,Passed,Yes
DRV00223,Aisha Al-Mahmoud,Female,12/16/2003,Saudi,Riyadh,544663022,aisha.almahmoud24@email.com,6/8/2019,Active,7/16/2023,Violation,Honda Accord,UberX,2024,J 1305,3.96,8449,0.76,0.91,Yes,Passed,Yes
DRV00224,Aljohara Al-Malki,Female,8/8/1994,Saudi,Medina,555992559,aljohara.almalki59@email.com,8/10/2022,Active,7/16/2023,Violation,Mercedes E-Class,UberBLACK,2019,B 7196,4.5,12624,0.79,0.93,Pending,Passed,Yes
DRV00225,Ziyad Al-Ghamdi,Male,3/12/2001,Saudi,Tabuk,574725282,ziyad.alghamdi85@email.com,1/30/2019,Active,7/16/2023,Violation,Audi A6,UberSELECT,2020,J 9835,4.54,689,0.96,0.9,Yes,In Review,No
DRV00226,Razan Al-Otaibi,Female,8/15/1980,Saudi,Abha,567108220,razan.alotaibi18@email.com,10/24/2022,Active,7/16/2023,Violation,Mercedes E-Class,UberBLACK,2022,R 4809,4.38,12643,0.84,0.91,Yes,Passed,Yes
DRV00227,Wafa Al-Fahad,Female,4/2/1997,Jordanian,Riyadh,564874257,wafa.alfahad47@email.com,12/14/2025,Active,7/16/2023,Violation,Toyota Camry,UberX,2019,B 7980,4.49,1980,0.87,0.87,Yes,Passed,No
DRV00228,Razan Al-Muhanna,Female,5/21/1981,Indian,Dammam,574929189,razan.almuhanna33@email.com,8/19/2025,Active,7/16/2023,Violation,Kia Optima,UberX,2022,J 6641,4.3,12891,0.88,0.83,Pending,Passed,No
DRV00229,Hassan Al-Marri,Male,2/18/2004,Saudi,Mecca,562224611,hassan.almarri82@email.com,2/15/2019,Active,7/16/2023,Violation,Hyundai Elantra,UberComfort,2018,E 2492,4.74,13171,0.88,0.93,Yes,In Review,No
DRV00230,Lama Al-Harbi,Female,1/12/1977,Indian,Dammam,548449249,lama.alharbi92@email.com,6/27/2020,Active,7/16/2023,Violation,Ford Fusion,UberSELECT,2018,E 3871,3.85,6346,0.97,0.88,Pending,In Review,Yes
DRV00231,Mona Al-Otaibi,Female,6/15/2006,Saudi,Tabuk,521655844,mona.alotaibi36@email.com,9/23/2023,Active,7/16/2023,Violation,Kia Optima,UberX,2024,D 7474,4.54,11093,0.76,0.85,Pending,Passed,Yes
DRV00232,Saad Al-Jasser,Male,9/27/1997,Pakistani,Dammam,564218119,saad.aljasser74@email.com,4/9/2024,Active,7/16/2023,Violation,Toyota Corolla,UberX,2018,D 3867,4.22,13411,0.82,0.92,Pending,Passed,No
DRV00233,Waleed Al-Rajhi,Male,7/20/1989,Bangladeshi,Jeddah,574911705,waleed.alrajhi99@email.com,10/4/2023,Active,7/16/2023,Violation,Audi A6,UberSELECT,2021,E 6565,4.45,13048,0.89,0.93,Pending,In Review,No
DRV00234,Khalil Al-Zahrani,Male,12/19/1987,Jordanian,Dammam,579324022,khalil.alzahrani69@email.com,10/4/2018,Active,7/16/2023,Violation,Mercedes E-Class,UberBLACK,2018,M 5314,4.99,11140,0.92,0.95,Yes,Passed,No
DRV00235,Thamer Al-Rajhi,Male,12/8/1997,Pakistani,Jeddah,536798789,thamer.alrajhi31@email.com,3/21/2024,Active,7/16/2023,Violation,Honda Civic,UberComfort,2021,E 5348,4.18,3630,0.96,0.85,Yes,Passed,No
DRV00236,Ali Al-Muhanna,Male,3/3/2006,Indian,Khobar,515672460,ali.almuhanna62@email.com,10/1/2019,Active,7/16/2023,Violation,Hyundai Sonata,UberX,2023,J 6167,4.9,11122,0.98,0.89,Pending,Passed,No
DRV00237,Hanan Al-Khalid,Female,3/18/1982,Saudi,Dammam,577441081,hanan.alkhalid45@email.com,6/18/2022,Active,7/16/2023,Violation,Ford Fusion,UberSELECT,2024,E 3863,3.95,8663,0.94,0.89,Pending,Passed,Yes
DRV00238,Maram Al-Saud,Female,11/10/1981,Egyptian,Riyadh,541828278,maram.alsaud35@email.com,7/24/2025,Active,7/16/2023,Violation,Ford Fusion,UberSELECT,2025,J 6621,3.92,5974,0.9,0.85,Yes,Passed,Yes
DRV00239,Ziyad Al-Turki,Male,5/11/1994,Saudi,Khobar,584536479,ziyad.alturki56@email.com,6/29/2022,Active,7/16/2023,Violation,Honda Accord,UberX,2024,B 3389,4.49,9485,0.91,0.95,Yes,In Review,No
DRV00240,Turki Al-Shammari,Male,1/3/1993,Egyptian,Taif,585448945,turki.alshammari73@email.com,7/5/2019,Active,7/16/2023,Violation,Lexus ES,UberBLACK,2018,R 2621,4.56,8798,0.92,0.95,Yes,Passed,No
DRV00241,Ibrahim Al-Ali,Male,1/11/1991,Saudi,Jeddah,565265613,ibrahim.alali16@email.com,1/17/2023,Active,7/16/2023,Violation,Nissan Altima,UberX,2023,E 4259,4.23,9230,0.88,0.95,Yes,Passed,No
DRV00242,Maram Al-Khalid,Female,12/13/1998,Jordanian,Taif,566615250,maram.alkhalid81@email.com,1/5/2023,Active,7/16/2023,Violation,Hyundai Elantra,UberComfort,2024,E 2168,4.54,7648,0.9,0.83,Yes,Passed,Yes
DRV00243,Maram Al-Baker,Female,2/20/1980,Indian,Dammam,570436720,maram.albaker53@email.com,10/15/2024,Active,7/16/2023,Violation,Nissan Altima,UberX,2020,B 1378,4.87,12845,0.96,0.87,Yes,Passed,Yes
DRV00244,Majed Al-Malki,Male,9/10/1994,Bangladeshi,Dhahran,530840572,majed.almalki11@email.com,2/26/2019,Suspended,9/21/2022,Low Rating,Toyota Camry,UberX,2024,D 4757,4.73,4312,0.93,0.82,Yes,Passed,No
DRV00245,Maha Al-Shehri,Female,5/28/2000,Indian,Abha,533761455,maha.alshehri76@email.com,11/30/2019,Deactivated,5/28/2022,Inactivity,Lexus ES,UberBLACK,2025,M 8126,4.37,4448,0.97,0.9,Yes,Passed,Yes
DRV00246,Saad Al-Marri,Male,5/8/2000,Jordanian,Dammam,548488577,saad.almarri61@email.com,2/7/2022,Active,7/16/2023,Violation,Honda Accord,UberX,2018,M 9059,4.16,51,0.88,0.94,Pending,Passed,No
DRV00247,Badr Al-Baker,Male,4/4/1995,Saudi,Tabuk,596703417,badr.albaker50@email.com,8/5/2020,Active,7/16/2023,Violation,Mazda 6,UberSELECT,2024,B 5308,4.25,6795,0.96,0.88,Yes,In Review,No
DRV00248,Sami Al-Baker,Male,10/4/1978,Pakistani,Abha,546525224,sami.albaker90@email.com,1/6/2021,Active,7/16/2023,Violation,Lexus ES,UberBLACK,2025,B 6253,3.88,2288,0.82,0.92,Yes,Passed,No
DRV00249,Mohammed Al-Ahmadi,Male,4/29/1984,Saudi,Jeddah,555890766,mohammed.alahmadi54@email.com,3/1/2021,Active,7/16/2023,Violation,BMW 5 Series,UberBLACK,2022,E 9165,4.33,184,0.81,0.83,Yes,In Review,No
DRV00250,Hamad Al-Mutairi,Male,4/1/1995,Yemeni,Mecca,511693222,hamad.almutairi16@email.com,8/18/2018,Active,7/16/2023,Violation,Hyundai Elantra,UberComfort,2021,R 8257,3.89,7752,0.79,0.97,Yes,Passed,No
DRV00251,Jasser Al-Dosari,Male,7/28/2004,Indian,Abha,579917538,jasser.aldosari16@email.com,6/20/2025,Active,7/16/2023,Violation,Honda Civic,UberComfort,2022,R 5895,4.27,5163,0.97,0.83,Yes,Passed,No
DRV00252,Majed Al-Zahrani,Male,7/25/1995,Saudi,Medina,515636254,majed.alzahrani75@email.com,2/5/2025,Active,7/16/2023,Violation,Toyota Camry,UberX,2025,M 3539,4,4573,0.89,0.88,Yes,Passed,No
DRV00253,Bander Al-Mohammed,Male,7/21/1977,Saudi,Jeddah,581988124,bander.almohammed14@email.com,9/10/2025,Active,7/16/2023,Violation,Audi A6,UberSELECT,2020,R 4812,4.96,12494,0.9,0.81,Yes,Passed,No
DRV00254,Mona Al-Rashid,Female,2/13/1982,Pakistani,Dhahran,535471281,mona.alrashid73@email.com,1/7/2022,Active,7/16/2023,Violation,Nissan Altima,UberX,2020,J 6696,4.88,8001,0.92,0.91,Yes,In Review,Yes
DRV00255,Abdullah Al-Sabah,Male,6/18/1989,Saudi,Mecca,512512536,abdullah.alsabah80@email.com,1/15/2023,Active,7/16/2023,Violation,Nissan Altima,UberX,2023,E 4912,4.45,7489,0.75,0.92,Yes,Passed,No
DRV00256,Mona Al-Sabah,Female,11/28/1976,Saudi,Taif,515875684,mona.alsabah17@email.com,3/8/2024,Active,7/16/2023,Violation,Nissan Altima,UberX,2020,E 1512,4.19,10550,0.83,0.82,Yes,Passed,Yes
DRV00257,Fahad Al-Mazrou,Male,4/15/2003,Saudi,Dhahran,538016352,fahad.almazrou84@email.com,5/18/2025,Active,7/16/2023,Violation,Ford Fusion,UberSELECT,2025,E 2310,4.64,4243,0.76,0.84,Pending,Passed,No
DRV00258,Sadeem Al-Turki,Female,3/1/1983,Saudi,Riyadh,523586205,sadeem.alturki93@email.com,12/1/2024,Active,7/16/2023,Violation,Toyota Camry,UberX,2021,J 7313,4.68,13721,0.82,0.98,Yes,Passed,Yes
DRV00259,Turki Al-Jasser,Male,4/23/1987,Saudi,Abha,532388767,turki.aljasser24@email.com,8/28/2022,Active,7/16/2023,Violation,Mercedes E-Class,UberBLACK,2024,J 6529,4.57,5914,0.91,0.93,Yes,In Review,No
DRV00260,Maram Al-Jasser,Female,12/28/1981,Saudi,Khobar,560340113,maram.aljasser99@email.com,3/3/2022,Active,7/16/2023,Violation,Chevrolet Malibu,UberXL,2022,D 8412,4.32,11942,0.83,0.85,Pending,In Review,Yes
DRV00261,Waleed Al-Saif,Male,5/4/1992,Saudi,Riyadh,547038339,waleed.alsaif71@email.com,10/22/2023,Active,7/16/2023,Violation,Audi A6,UberSELECT,2020,A 1618,4.16,4970,0.99,0.84,Pending,Passed,No
DRV00262,Nasser Al-Farsi,Male,9/17/1996,Saudi,Khobar,553579429,nasser.alfarsi62@email.com,7/12/2024,Active,7/16/2023,Violation,Nissan Altima,UberX,2020,R 2562,4.77,1555,0.89,0.91,Yes,Passed,No
DRV00263,Lama Al-Qahtani,Female,3/8/1977,Bangladeshi,Khobar,511534696,lama.alqahtani82@email.com,11/26/2021,Active,7/16/2023,Violation,Hyundai Elantra,UberComfort,2024,A 5993,4.3,14268,0.78,0.95,Yes,Passed,Yes
DRV00264,Rashed Al-Khalid,Male,10/11/1988,Saudi,Medina,527742113,rashed.alkhalid44@email.com,9/20/2019,Deactivated,5/31/2022,Document Expired,Mercedes E-Class,UberBLACK,2019,R 1807,4.51,4154,0.77,0.88,Pending,Passed,No
DRV00265,Thamer Al-Khalid,Male,9/2/1997,Indian,Dhahran,592677695,thamer.alkhalid95@email.com,10/29/2025,Active,7/16/2023,Violation,Honda Accord,UberX,2021,B 2173,4.38,3295,0.87,0.92,Yes,In Review,No
DRV00266,Lama Al-Zahrani,Female,11/15/1998,Jordanian,Dhahran,592707781,lama.alzahrani57@email.com,10/1/2022,Active,7/16/2023,Violation,Kia Optima,UberX,2020,R 1735,4.18,9780,0.91,0.95,Yes,Passed,Yes
DRV00267,Saad Al-Zahrani,Male,6/22/2001,Egyptian,Riyadh,570406241,saad.alzahrani61@email.com,9/22/2020,Active,7/16/2023,Violation,Audi A6,UberSELECT,2018,D 4424,3.98,13688,0.95,0.8,Yes,Passed,No
DRV00268,Aljohara Al-Muhanna,Female,10/29/1998,Saudi,Mecca,548119652,aljohara.almuhanna26@email.com,10/18/2025,Active,7/16/2023,Violation,Toyota Camry,UberX,2022,A 8617,4.25,14894,0.91,0.81,Yes,Passed,Yes
DRV00269,Razan Al-Dosari,Female,4/25/1992,Pakistani,Riyadh,590142265,razan.aldosari69@email.com,4/13/2021,Active,7/16/2023,Violation,Chevrolet Malibu,UberXL,2019,B 4258,4.26,6287,0.87,0.93,Pending,Passed,Yes
DRV00270,Joud Al-Mohammed,Female,11/28/1994,Yemeni,Dhahran,513954845,joud.almohammed72@email.com,10/6/2019,Deactivated,3/24/2022,Inactivity,Chevrolet Malibu,UberXL,2022,B 3485,4.16,4126,0.82,0.81,Yes,In Review,Yes
DRV00271,Mishal Al-Sabah,Male,4/24/1979,Jordanian,Tabuk,570286467,mishal.alsabah70@email.com,1/6/2025,Active,7/16/2023,Violation,Hyundai Elantra,UberComfort,2020,B 3270,4.09,2552,0.85,0.86,Yes,Passed,No
DRV00272,Maha Al-Anazi,Female,2/26/2001,Saudi,Mecca,552627226,maha.alanazi19@email.com,5/11/2025,Active,7/16/2023,Violation,Audi A6,UberSELECT,2018,E 6221,3.99,1161,0.88,0.98,Pending,In Review,Yes
DRV00273,Lina Al-Fahad,Female,2/9/1996,Bangladeshi,Jeddah,541163012,lina.alfahad30@email.com,6/23/2019,Active,7/16/2023,Violation,Mercedes E-Class,UberBLACK,2018,D 2302,4.98,10158,0.81,0.91,Pending,Passed,Yes
DRV00274,Razan Al-Ahmadi,Female,5/12/1994,Yemeni,Dhahran,539870720,razan.alahmadi96@email.com,7/6/2023,Active,7/16/2023,Violation,Honda Accord,UberX,2021,E 4351,4.03,578,0.85,0.98,Yes,Passed,No
DRV00275,Wadha Al-Hamdan,Female,10/14/1988,Bangladeshi,Taif,586763742,wadha.alhamdan77@email.com,10/7/2020,Active,7/16/2023,Violation,Mercedes E-Class,UberBLACK,2018,J 2791,3.85,12097,0.95,0.94,Pending,In Review,No
DRV00276,Ali Al-Sabah,Male,12/13/1997,Egyptian,Abha,568995922,ali.alsabah51@email.com,6/9/2022,Active,7/16/2023,Violation,Toyota Camry,UberX,2022,E 5684,4.47,8506,0.93,0.98,Pending,Passed,No
DRV00277,Jawaher Al-Muhanna,Female,5/22/2001,Saudi,Riyadh,588577462,jawaher.almuhanna90@email.com,9/27/2025,Active,7/16/2023,Violation,Honda Accord,UberX,2020,R 7775,4.36,10635,0.86,0.94,Yes,In Review,Yes
DRV00278,Mona Al-Kaabi,Female,5/17/2002,Saudi,Jeddah,570317234,mona.alkaabi82@email.com,10/21/2020,Active,7/16/2023,Violation,Chevrolet Malibu,UberXL,2023,A 9582,4.89,13099,0.79,0.94,Pending,Passed,Yes
DRV00279,Sarah Al-Malki,Female,3/1/2004,Yemeni,Khobar,551347409,sarah.almalki40@email.com,5/5/2024,Active,7/16/2023,Violation,Lexus ES,UberBLACK,2025,D 3960,3.98,14284,0.78,0.95,Yes,Passed,No
DRV00280,Ibrahim Al-Saud,Male,1/20/1980,Pakistani,Taif,570899748,ibrahim.alsaud53@email.com,8/1/2023,Active,7/16/2023,Violation,Mazda 6,UberSELECT,2025,A 1107,4.77,10011,0.96,0.85,Yes,Passed,No
DRV00281,Khalid Al-Ahmadi,Male,1/29/1993,Jordanian,Mecca,521771255,khalid.alahmadi7@email.com,8/14/2018,Active,7/16/2023,Violation,Toyota Camry,UberX,2019,R 3920,3.97,581,0.91,0.96,Yes,Passed,No
DRV00282,Jasser Al-Rumaih,Male,7/22/2003,Egyptian,Khobar,573191967,jasser.alrumaih18@email.com,5/27/2018,Suspended,9/14/2020,Inactivity,Audi A6,UberSELECT,2019,M 5496,4.25,574,0.93,0.96,Yes,In Review,No
DRV00283,Majed Al-Muhanna,Male,8/1/1993,Yemeni,Riyadh,591717739,majed.almuhanna41@email.com,3/24/2019,Active,7/16/2023,Violation,Chevrolet Malibu,UberXL,2022,J 6797,4.43,1486,0.87,0.93,Yes,In Review,No
DRV00284,Wadha Al-Ahmadi,Female,3/2/1997,Bangladeshi,Tabuk,565650977,wadha.alahmadi53@email.com,8/11/2020,Active,7/16/2023,Violation,Kia Optima,UberX,2018,D 6728,3.8,442,0.86,0.95,Yes,Passed,Yes
DRV00285,Wafa Al-Harbi,Female,12/11/1980,Bangladeshi,Dammam,513908068,wafa.alharbi23@email.com,5/14/2021,Active,7/16/2023,Violation,Toyota Corolla,UberX,2021,D 6536,4.72,1915,0.91,0.86,Pending,In Review,Yes
DRV00286,Khalil Al-Ghamdi,Male,2/3/1983,Egyptian,Taif,585825317,khalil.alghamdi93@email.com,1/9/2024,Active,7/16/2023,Violation,Honda Civic,UberComfort,2023,J 9779,4.74,6832,0.97,0.81,Yes,Passed,No
DRV00287,Tala Al-Harbi,Female,4/19/1979,Yemeni,Mecca,535149571,tala.alharbi77@email.com,2/22/2021,Active,7/16/2023,Violation,Toyota Corolla,UberX,2019,E 6050,4.98,10314,0.88,0.83,Yes,Passed,Yes
DRV00288,Mubarak Al-Mahmoud,Male,10/15/2004,Saudi,Khobar,522429114,mubarak.almahmoud57@email.com,1/26/2023,Active,7/16/2023,Violation,Nissan Altima,UberX,2018,E 8907,4.06,5003,0.79,0.87,Yes,Passed,No
DRV00289,Aljohara Al-Sabah,Female,10/29/2004,Pakistani,Dammam,562021209,aljohara.alsabah92@email.com,9/2/2021,Active,7/16/2023,Violation,Lexus ES,UberBLACK,2019,A 6095,3.92,8506,0.91,0.83,Yes,Passed,Yes
DRV00290,Omar Al-Sabah,Male,1/21/1994,Indian,Dammam,552835559,omar.alsabah99@email.com,4/3/2018,Active,7/16/2023,Violation,Nissan Altima,UberX,2025,M 2927,4.57,3488,0.83,0.84,Yes,Passed,No
DRV00291,Sami Al-Zahrani,Male,10/4/1993,Bangladeshi,Riyadh,542859865,sami.alzahrani22@email.com,12/26/2024,Active,7/16/2023,Violation,Hyundai Sonata,UberX,2019,D 6549,4.05,5789,0.88,0.85,Pending,Passed,No
DRV00292,Mohammed Al-Ali,Male,3/25/1978,Pakistani,Riyadh,592720444,mohammed.alali46@email.com,3/10/2019,Active,7/16/2023,Violation,Hyundai Sonata,UberX,2022,D 4246,4.31,2982,0.92,0.97,Yes,In Review,No
DRV00293,Saad Al-Kaabi,Male,1/8/2000,Bangladeshi,Jeddah,544635255,saad.alkaabi47@email.com,2/10/2023,Active,7/16/2023,Violation,Chevrolet Malibu,UberXL,2024,B 6412,4.65,7675,0.86,0.98,Yes,In Review,No
DRV00294,Aisha Al-Harbi,Female,10/1/2000,Indian,Taif,523815327,aisha.alharbi52@email.com,4/8/2019,Active,7/16/2023,Violation,Honda Civic,UberComfort,2019,D 2162,4.81,4674,0.93,0.91,Yes,In Review,Yes
DRV00295,Amal Al-Muhanna,Female,2/16/1987,Yemeni,Medina,586129797,amal.almuhanna44@email.com,2/23/2024,Active,7/16/2023,Violation,Honda Civic,UberComfort,2021,B 2276,4.26,5632,0.8,0.93,Pending,Passed,Yes
DRV00296,Maram Al-Jasser,Female,6/20/1989,Jordanian,Jeddah,576343171,maram.aljasser83@email.com,12/29/2022,Active,7/16/2023,Violation,Hyundai Elantra,UberComfort,2018,A 4565,3.88,1831,0.91,0.91,Yes,Passed,Yes
DRV00297,Hamed Al-Zamil,Male,10/21/1992,Yemeni,Dammam,556206415,hamed.alzamil12@email.com,5/17/2022,Active,7/16/2023,Violation,Honda Civic,UberComfort,2018,J 9362,4.03,11215,0.96,0.86,Pending,Passed,No
DRV00298,Noura Al-Turki,Female,10/12/1988,Jordanian,Abha,561377152,noura.alturki52@email.com,8/6/2018,Deactivated,9/9/2023,Inactivity,Hyundai Sonata,UberX,2024,R 9931,4.83,275,0.81,0.93,Yes,Passed,Yes
DRV00299,Mishal Al-Turki,Male,1/3/2000,Pakistani,Dhahran,598305426,mishal.alturki56@email.com,9/24/2019,Active,7/16/2023,Violation,Lexus ES,UberBLACK,2020,A 3248,4.6,2250,0.75,0.92,Pending,In Review,No
DRV00300,Hanan Al-Kaabi,Female,7/17/1980,Pakistani,Abha,541776042,hanan.alkaabi92@email.com,10/4/2022,Active,7/16/2023,Violation,Honda Civic,UberComfort,2022,R 9948,4.26,3748,0.79,0.91,Yes,Passed,No
DRV00301,Razan Al-Zahrani,Female,12/6/1993,Pakistani,Tabuk,579383794,razan.alzahrani11@email.com,5/27/2023,Active,7/16/2023,Violation,Hyundai Sonata,UberX,2019,B 8740,3.97,12031,0.88,0.96,Yes,Passed,Yes
DRV00302,Fatima Al-Ali,Female,4/1/1993,Egyptian,Taif,532482565,fatima.alali5@email.com,10/1/2023,Active,7/16/2023,Violation,Ford Fusion,UberSELECT,2022,M 5267,4.68,6947,0.83,0.99,Yes,In Review,Yes
DRV00303,Waleed Al-Muhanna,Male,11/4/1978,Egyptian,Riyadh,546939015,waleed.almuhanna33@email.com,3/20/2021,Active,7/16/2023,Violation,Honda Accord,UberX,2018,M 2827,4.41,14000,0.94,0.85,Yes,Passed,No
DRV00304,Razan Al-Ahmadi,Female,12/17/1999,Bangladeshi,Dammam,530689702,razan.alahmadi64@email.com,11/10/2025,Active,7/16/2023,Violation,Honda Accord,UberX,2024,E 7277,4.76,14173,0.76,0.99,Yes,In Review,Yes
DRV00305,Majed Al-Mazrou,Male,12/12/1992,Pakistani,Khobar,581473736,majed.almazrou30@email.com,8/11/2018,Active,7/16/2023,Violation,Mercedes E-Class,UberBLACK,2024,M 7390,4.78,910,0.79,0.88,Pending,Passed,No
DRV00306,Badr Al-Saud,Male,8/20/1982,Jordanian,Dammam,567953319,badr.alsaud79@email.com,1/13/2023,Active,7/16/2023,Violation,Toyota Corolla,UberX,2022,D 5429,4.95,11238,0.98,0.82,Yes,Passed,No
DRV00307,Yara Al-Kaabi,Female,11/25/1981,Saudi,Medina,511137651,yara.alkaabi9@email.com,7/15/2025,Active,7/16/2023,Violation,Kia Optima,UberX,2018,R 2600,4.42,11153,0.92,0.83,Yes,In Review,Yes
DRV00308,Wafa Al-Fahad,Female,7/31/1979,Saudi,Riyadh,526103055,wafa.alfahad12@email.com,4/8/2018,Active,7/16/2023,Violation,Toyota Camry,UberX,2020,R 4027,4.93,10807,0.96,0.84,Yes,Passed,Yes
DRV00309,Huda Al-Kaabi,Female,1/10/1994,Saudi,Dammam,561378412,huda.alkaabi50@email.com,10/15/2022,Active,7/16/2023,Violation,Chevrolet Malibu,UberXL,2023,A 5230,4.72,5348,0.81,0.95,Yes,Passed,Yes
DRV00310,Mona Al-Muhanna,Female,9/13/2001,Pakistani,Dhahran,544761889,mona.almuhanna14@email.com,1/1/2020,Active,7/16/2023,Violation,Hyundai Sonata,UberX,2018,A 2153,3.97,12644,0.85,0.92,Yes,In Review,Yes
DRV00311,Lina Al-Saud,Female,6/15/1984,Pakistani,Riyadh,568526669,lina.alsaud52@email.com,6/15/2025,Active,7/16/2023,Violation,Honda Accord,UberX,2019,J 4700,4.64,14871,0.84,0.8,Yes,In Review,No
DRV00312,Reem Al-Mazrou,Female,1/29/1990,Indian,Abha,555642455,reem.almazrou11@email.com,1/10/2022,Active,7/16/2023,Violation,Nissan Altima,UberX,2025,E 5750,4.28,10409,0.99,0.92,Yes,Passed,Yes
DRV00313,Mona Al-Saleh,Female,3/10/2000,Saudi,Dhahran,535916466,mona.alsaleh4@email.com,3/14/2019,Active,7/16/2023,Violation,Toyota Corolla,UberX,2021,R 7369,4.38,14553,0.9,0.94,Yes,Passed,Yes
DRV00314,Aisha Al-Otaibi,Female,1/1/1983,Pakistani,Khobar,582016051,aisha.alotaibi20@email.com,8/18/2018,Active,7/16/2023,Violation,BMW 5 Series,UberBLACK,2021,A 1604,3.85,1986,0.8,0.92,Yes,In Review,Yes
DRV00315,Sarah Al-Mahmoud,Female,10/23/1998,Bangladeshi,Mecca,518584245,sarah.almahmoud14@email.com,2/28/2018,Active,7/16/2023,Violation,Toyota Camry,UberX,2019,R 4613,4.89,13496,0.94,0.89,Yes,Passed,Yes
DRV00316,Maram Al-Zahrani,Female,6/2/1991,Saudi,Tabuk,526206185,maram.alzahrani36@email.com,2/14/2024,Active,7/16/2023,Violation,Lexus ES,UberBLACK,2020,E 7801,4.96,3543,0.93,0.91,Yes,Passed,Yes
DRV00317,Amal Al-Rumaih,Female,6/20/2002,Bangladeshi,Riyadh,548081803,amal.alrumaih54@email.com,7/1/2019,Deactivated,6/4/2023,Document Expired,Mercedes E-Class,UberBLACK,2025,M 3079,3.99,4009,0.77,0.8,Yes,Passed,Yes
DRV00318,Sadeem Al-Mahmoud,Female,12/15/1992,Jordanian,Mecca,566208488,sadeem.almahmoud1@email.com,11/5/2024,Active,7/16/2023,Violation,Ford Fusion,UberSELECT,2021,B 2925,4.02,8240,0.9,0.82,Yes,Passed,No
DRV00319,Jasser Al-Nasser,Male,7/23/1998,Saudi,Dammam,599945021,jasser.alnasser6@email.com,8/6/2018,Active,7/16/2023,Violation,Mercedes E-Class,UberBLACK,2018,M 6966,3.98,13874,0.98,0.89,Yes,Passed,No
DRV00320,Wafa Al-Rajhi,Female,11/29/1995,Pakistani,Tabuk,589551741,wafa.alrajhi75@email.com,1/31/2023,Deactivated,11/14/2023,Personal Choice,Honda Accord,UberX,2023,R 4256,3.99,258,0.87,0.82,Yes,Passed,Yes
DRV00321,Ghada Al-Dosari,Female,11/30/1986,Saudi,Medina,539013196,ghada.aldosari79@email.com,8/17/2022,Active,7/16/2023,Violation,Hyundai Elantra,UberComfort,2025,B 7346,4.87,1254,0.86,0.89,Yes,Passed,Yes
DRV00322,Nawaf Al-Khalifa,Male,11/23/1985,Yemeni,Medina,532978251,nawaf.alkhalifa98@email.com,10/7/2021,Active,7/16/2023,Violation,BMW 5 Series,UberBLACK,2023,B 5835,4.48,4647,0.78,0.96,Yes,Passed,No
DRV00323,Saad Al-Shammari,Male,4/6/1987,Saudi,Abha,543263373,saad.alshammari42@email.com,6/27/2023,Active,7/16/2023,Violation,Kia Optima,UberX,2024,J 4643,4.51,13763,0.86,0.8,Yes,Passed,No
DRV00324,Sarah Al-Otaibi,Female,3/23/1988,Saudi,Taif,527812303,sarah.alotaibi46@email.com,8/28/2023,Deactivated,8/31/2025,Low Rating,Honda Civic,UberComfort,2022,B 2486,4.39,700,0.88,0.8,Yes,In Review,Yes
DRV00325,Jasser Al-Mazrou,Male,11/7/1989,Pakistani,Tabuk,595013818,jasser.almazrou1@email.com,4/10/2018,Active,7/16/2023,Violation,Honda Civic,UberComfort,2019,R 6454,4.73,14372,0.92,0.84,Yes,Passed,No
DRV00326,Hind Al-Muhanna,Female,1/3/2004,Indian,Abha,558853980,hind.almuhanna7@email.com,6/14/2024,Active,7/16/2023,Violation,Mercedes E-Class,UberBLACK,2019,R 6989,4.62,10215,0.96,0.94,Pending,Passed,Yes
DRV00327,Abdullah Al-Jasser,Male,6/11/1980,Saudi,Medina,540257672,abdullah.aljasser42@email.com,7/21/2019,Active,7/16/2023,Violation,Kia Optima,UberX,2023,D 9250,4.45,10683,0.86,0.98,Pending,Passed,No
DRV00328,Abdullah Al-Turki,Male,7/25/1982,Egyptian,Khobar,570663511,abdullah.alturki80@email.com,1/28/2023,Active,7/16/2023,Violation,Mazda 6,UberSELECT,2023,E 2075,4.8,7753,0.92,0.93,Yes,In Review,No
DRV00329,Saad Al-Faisal,Male,9/19/1999,Saudi,Mecca,579885511,saad.alfaisal81@email.com,3/27/2021,Active,7/16/2023,Violation,Hyundai Sonata,UberX,2018,D 7824,3.93,4571,0.78,0.83,Yes,In Review,No
DRV00330,Sadeem Al-Marri,Female,5/26/1991,Yemeni,Riyadh,587672417,sadeem.almarri44@email.com,4/9/2021,Active,7/16/2023,Violation,Toyota Camry,UberX,2023,R 9686,4.85,3856,0.95,0.9,Pending,In Review,Yes
DRV00331,Saleh Al-Malki,Male,1/2/1999,Bangladeshi,Dammam,531580852,saleh.almalki92@email.com,7/17/2020,Active,7/16/2023,Violation,Nissan Altima,UberX,2022,B 3873,4.72,825,0.79,0.85,Yes,Passed,No
DRV00332,Yousef Al-Otaibi,Male,4/1/1992,Jordanian,Khobar,529856736,yousef.alotaibi48@email.com,6/11/2024,Active,7/16/2023,Violation,Nissan Altima,UberX,2025,J 3663,4.24,3411,0.88,0.81,Yes,Passed,No
DRV00333,Thamer Al-Mohammed,Male,6/7/1977,Egyptian,Mecca,573607213,thamer.almohammed38@email.com,2/20/2023,Active,7/16/2023,Violation,Honda Accord,UberX,2020,E 8243,3.81,12149,0.88,0.9,Yes,Passed,No
DRV00334,Sarah Al-Shehri,Female,12/31/2003,Bangladeshi,Abha,596075527,sarah.alshehri25@email.com,4/24/2019,Active,7/16/2023,Violation,Hyundai Elantra,UberComfort,2021,E 5553,4.54,3660,0.86,0.82,Yes,Passed,Yes
DRV00335,Lama Al-Khalid,Female,10/31/1999,Yemeni,Dhahran,559610894,lama.alkhalid50@email.com,3/7/2020,Active,7/16/2023,Violation,Ford Fusion,UberSELECT,2023,A 5663,4.53,968,0.97,0.87,Yes,Passed,Yes
DRV00336,Lama Al-Nasser,Female,11/20/1987,Saudi,Taif,588809974,lama.alnasser77@email.com,8/30/2022,Active,7/16/2023,Violation,Nissan Altima,UberX,2019,B 4404,4,11977,0.98,0.88,Yes,In Review,No
DRV00337,Huda Al-Rumaih,Female,2/14/1998,Yemeni,Dhahran,548851088,huda.alrumaih71@email.com,12/29/2018,Deactivated,1/6/2021,Document Expired,Honda Accord,UberX,2025,A 5947,4.47,4672,0.93,0.83,Yes,In Review,Yes
DRV00338,Ghada Al-Rashid,Female,7/24/1993,Yemeni,Riyadh,534074943,ghada.alrashid63@email.com,9/23/2019,Active,7/16/2023,Violation,Chevrolet Malibu,UberXL,2021,A 2955,4.8,7792,0.78,0.93,Yes,In Review,No
DRV00339,Meshari Al-Rumaih,Male,9/22/1989,Indian,Taif,587210585,meshari.alrumaih3@email.com,5/5/2024,Active,7/16/2023,Violation,Nissan Altima,UberX,2022,B 1958,4.55,7849,0.98,0.96,Yes,Passed,No
DRV00340,Maha Al-Sulaiman,Female,10/21/1977,Saudi,Mecca,578969993,maha.alsulaiman25@email.com,8/5/2018,Active,7/16/2023,Violation,Hyundai Elantra,UberComfort,2020,E 2548,4.56,5882,0.76,0.86,Yes,Passed,No
DRV00341,Hind Al-Turki,Female,9/18/1984,Yemeni,Jeddah,555676049,hind.alturki21@email.com,12/29/2023,Active,7/16/2023,Violation,Lexus ES,UberBLACK,2019,B 3532,3.97,2293,0.87,0.87,Yes,Passed,Yes
DRV00342,Ziyad Al-Kaabi,Male,8/23/1986,Bangladeshi,Jeddah,580212126,ziyad.alkaabi98@email.com,4/23/2019,Active,7/16/2023,Violation,Audi A6,UberSELECT,2023,B 5991,3.82,5755,0.82,0.87,Yes,Passed,No
DRV00343,Nasser Al-Ghamdi,Male,12/24/2002,Saudi,Medina,574995591,nasser.alghamdi97@email.com,6/13/2021,Active,7/16/2023,Violation,Honda Accord,UberX,2024,A 4217,4.98,7010,0.92,0.95,Yes,Passed,No
DRV00344,Khalil Al-Zahrani,Male,3/6/1998,Jordanian,Dammam,513927092,khalil.alzahrani12@email.com,6/27/2018,Deactivated,1/14/2019,Low Rating,Mercedes E-Class,UberBLACK,2020,E 5544,3.95,4949,0.8,0.97,Yes,Passed,No
DRV00345,Ali Al-Khalid,Male,5/16/1982,Saudi,Tabuk,523245372,ali.alkhalid28@email.com,10/7/2018,Deactivated,7/16/2023,Low Rating,Mazda 6,UberSELECT,2025,D 4033,4.06,1589,0.98,0.83,Pending,Passed,No
DRV00346,Nawaf Al-Mansour,Male,5/15/2000,Pakistani,Dhahran,558486215,nawaf.almansour91@email.com,5/27/2020,Active,7/16/2023,Violation,Hyundai Elantra,UberComfort,2022,J 1665,3.94,5199,0.78,0.82,Yes,Passed,No
DRV00347,Reem Al-Mansour,Female,6/6/1993,Yemeni,Dammam,535338291,reem.almansour9@email.com,2/15/2023,Active,7/16/2023,Violation,Nissan Altima,UberX,2025,M 7020,4.62,13830,0.86,0.91,Yes,Passed,No
DRV00348,Rana Al-Faisal,Female,11/26/2001,Saudi,Taif,518685284,rana.alfaisal47@email.com,11/11/2023,Active,7/16/2023,Violation,Hyundai Sonata,UberX,2021,D 4281,3.94,6518,0.85,0.91,Pending,Passed,Yes
DRV00349,Wadha Al-Khalifa,Female,4/28/1988,Pakistani,Tabuk,578640894,wadha.alkhalifa36@email.com,8/28/2024,Active,7/16/2023,Violation,Mercedes E-Class,UberBLACK,2020,E 8448,4.76,6607,0.84,0.93,Yes,Passed,Yes
DRV00350,Ghada Al-Shehri,Female,5/7/1979,Jordanian,Riyadh,530499966,ghada.alshehri39@email.com,2/12/2019,Active,7/16/2023,Violation,Lexus ES,UberBLACK,2019,E 2253,3.88,11160,0.76,0.83,Pending,In Review,Yes
DRV00351,Wadha Al-Khalid,Female,2/28/1987,Saudi,Dammam,561489930,wadha.alkhalid58@email.com,1/31/2024,Active,7/16/2023,Violation,Lexus ES,UberBLACK,2023,E 7165,4.45,339,0.98,0.81,Pending,In Review,Yes
DRV00352,Saleh Al-Malki,Male,11/9/1976,Indian,Taif,582396020,saleh.almalki74@email.com,10/31/2022,Active,7/16/2023,Violation,BMW 5 Series,UberBLACK,2025,R 3560,4.27,12567,0.78,0.93,Yes,In Review,No
DRV00353,Wadha Al-Rumaih,Female,9/18/2000,Jordanian,Dhahran,556825449,wadha.alrumaih95@email.com,12/1/2024,Active,7/16/2023,Violation,Mercedes E-Class,UberBLACK,2018,E 6591,4.97,5300,0.76,0.91,Pending,Passed,Yes
DRV00354,Sadeem Al-Sulaiman,Female,10/15/1992,Saudi,Riyadh,555311134,sadeem.alsulaiman22@email.com,6/1/2025,Active,7/16/2023,Violation,Kia Optima,UberX,2018,J 6343,4.58,9758,0.77,0.93,Yes,In Review,Yes
DRV00355,Sadeem Al-Khalifa,Female,1/30/2002,Pakistani,Riyadh,523429380,sadeem.alkhalifa89@email.com,10/21/2025,Active,7/16/2023,Violation,Toyota Camry,UberX,2021,D 9138,4.98,6238,0.89,0.86,Yes,Passed,Yes
DRV00356,Raghad Al-Fahad,Female,5/2/2004,Egyptian,Taif,586976644,raghad.alfahad52@email.com,2/15/2025,Active,7/16/2023,Violation,Mercedes E-Class,UberBLACK,2021,J 2506,3.89,13981,0.88,0.85,Yes,Passed,Yes
DRV00357,Raghad Al-Nasser,Female,6/28/1997,Yemeni,Khobar,563995920,raghad.alnasser33@email.com,11/11/2018,Active,7/16/2023,Violation,Nissan Altima,UberX,2025,M 9971,4.41,4963,0.85,0.9,Yes,Passed,Yes
DRV00358,Mubarak Al-Nasser,Male,1/26/1981,Saudi,Taif,580097837,mubarak.alnasser26@email.com,1/2/2021,Active,7/16/2023,Violation,Mazda 6,UberSELECT,2023,R 3420,4.77,14021,0.93,0.88,Yes,Passed,No
DRV00359,Raghad Al-Shammari,Female,7/1/1979,Saudi,Khobar,564474404,raghad.alshammari31@email.com,9/21/2018,Active,7/16/2023,Violation,Lexus ES,UberBLACK,2019,B 4144,4.29,13545,0.82,0.83,Yes,Passed,Yes
DRV00360,Anoud Al-Mohammed,Female,1/2/1994,Indian,Abha,533620336,anoud.almohammed83@email.com,11/22/2022,Active,7/16/2023,Violation,Audi A6,UberSELECT,2018,M 8960,3.84,2660,0.82,0.81,Yes,Passed,No
DRV00361,Rashed Al-Saif,Male,2/29/2000,Saudi,Dammam,525023307,rashed.alsaif74@email.com,9/18/2018,Active,7/16/2023,Violation,Hyundai Elantra,UberComfort,2019,J 9605,4.88,11054,0.91,0.82,Yes,In Review,No
DRV00362,Ali Al-Saif,Male,7/1/1987,Saudi,Jeddah,529364653,ali.alsaif14@email.com,7/7/2021,Active,7/16/2023,Violation,Ford Fusion,UberSELECT,2020,B 5498,4.68,13252,0.93,0.84,Pending,In Review,No
DRV00363,Noura Al-Mohammed,Female,1/3/1994,Saudi,Abha,558720768,noura.almohammed61@email.com,3/15/2022,Active,7/16/2023,Violation,Hyundai Sonata,UberX,2023,E 6049,4.18,6993,0.86,0.85,Yes,Passed,No
DRV00364,Ali Al-Farsi,Male,11/12/1995,Pakistani,Abha,562139697,ali.alfarsi2@email.com,4/25/2022,Active,7/16/2023,Violation,BMW 5 Series,UberBLACK,2024,D 5929,4.24,13357,0.91,0.9,Yes,Passed,No
DRV00365,Samar Al-Malki,Female,11/15/2002,Pakistani,Taif,573228801,samar.almalki95@email.com,1/30/2025,Active,7/16/2023,Violation,Mercedes E-Class,UberBLACK,2024,E 6451,4.72,6706,0.94,0.85,Pending,Passed,No
DRV00366,Huda Al-Sulaiman,Female,9/11/1977,Saudi,Dhahran,594578152,huda.alsulaiman57@email.com,10/2/2024,Active,7/16/2023,Violation,Mazda 6,UberSELECT,2020,A 7564,4.69,7476,0.92,0.94,Yes,Passed,Yes
DRV00367,Yousef Al-Malki,Male,1/23/1988,Jordanian,Medina,570597948,yousef.almalki62@email.com,10/17/2023,Active,7/16/2023,Violation,Mercedes E-Class,UberBLACK,2020,D 3842,4.8,12553,0.78,0.91,Yes,Passed,No
DRV00368,Saad Al-Shammari,Male,6/8/2005,Indian,Khobar,596853189,saad.alshammari79@email.com,1/16/2020,Active,7/16/2023,Violation,Hyundai Elantra,UberComfort,2021,A 8576,4.93,14539,0.89,0.8,Yes,Passed,No
DRV00369,Khalid Al-Faisal,Male,10/31/2005,Indian,Tabuk,568406016,khalid.alfaisal99@email.com,10/23/2022,Active,7/16/2023,Violation,Honda Accord,UberX,2025,E 9096,3.91,6078,0.79,0.91,Yes,Passed,No
DRV00370,Faisal Al-Khalifa,Male,12/21/1997,Yemeni,Dammam,534208834,faisal.alkhalifa53@email.com,7/18/2023,Active,7/16/2023,Violation,Hyundai Elantra,UberComfort,2020,A 5754,4.83,9881,0.8,0.96,Yes,Passed,No
DRV00371,Amal Al-Turki,Female,8/19/1988,Saudi,Tabuk,561471888,amal.alturki91@email.com,9/3/2025,Active,7/16/2023,Violation,Hyundai Sonata,UberX,2024,M 5198,3.81,2232,0.96,0.99,Yes,Passed,Yes
DRV00372,Hamad Al-Mahmoud,Male,3/24/2006,Egyptian,Taif,577718480,hamad.almahmoud80@email.com,12/22/2021,Active,7/16/2023,Violation,Chevrolet Malibu,UberXL,2024,D 7466,4.96,9851,0.92,0.95,Yes,Passed,No
DRV00373,Turki Al-Farsi,Male,1/17/1987,Saudi,Mecca,544951103,turki.alfarsi15@email.com,8/26/2023,Active,7/16/2023,Violation,Toyota Corolla,UberX,2023,A 3095,4.85,2211,0.77,0.93,Pending,Passed,No
DRV00374,Raghad Al-Baker,Female,6/5/1984,Saudi,Dammam,584581396,raghad.albaker85@email.com,11/15/2024,Active,7/16/2023,Violation,Audi A6,UberSELECT,2025,A 4095,4.12,5178,0.85,0.83,Yes,Passed,Yes
DRV00375,Khalil Al-Farsi,Male,4/22/1981,Pakistani,Mecca,571439467,khalil.alfarsi64@email.com,12/1/2025,Active,7/16/2023,Violation,Hyundai Sonata,UberX,2019,E 3425,4.99,8158,0.76,0.87,Yes,Passed,No
DRV00376,Majed Al-Baker,Male,4/13/2006,Indian,Mecca,586609843,majed.albaker24@email.com,11/21/2019,Active,7/16/2023,Violation,Lexus ES,UberBLACK,2024,A 5033,4.13,14646,0.91,0.84,Pending,Passed,No
DRV00377,Aisha Al-Baker,Female,10/27/1985,Pakistani,Jeddah,570942299,aisha.albaker81@email.com,6/3/2022,Active,7/16/2023,Violation,Audi A6,UberSELECT,2022,J 1095,4.94,13763,0.83,0.81,Yes,Passed,Yes
DRV00378,Maram Al-Mazrou,Female,12/3/1981,Bangladeshi,Mecca,561189424,maram.almazrou12@email.com,5/15/2020,Active,7/16/2023,Violation,Mercedes E-Class,UberBLACK,2024,D 3916,4.57,5344,0.94,0.94,Yes,In Review,Yes
DRV00379,Bander Al-Mansour,Male,7/22/1992,Bangladeshi,Dhahran,527620998,bander.almansour46@email.com,3/13/2021,Active,7/16/2023,Violation,Chevrolet Malibu,UberXL,2019,E 7020,3.98,4941,0.87,0.88,Yes,In Review,No
DRV00380,Layan Al-Ali,Female,3/5/1978,Yemeni,Dammam,522475197,layan.alali6@email.com,4/25/2024,Active,7/16/2023,Violation,Hyundai Sonata,UberX,2023,R 4673,4.71,13337,0.84,0.84,Yes,In Review,Yes
DRV00381,Waleed Al-Kaabi,Male,4/25/1995,Indian,Dhahran,567409191,waleed.alkaabi38@email.com,11/21/2018,Active,7/16/2023,Violation,Honda Civic,UberComfort,2018,J 2253,4.16,2143,0.91,0.86,Yes,Passed,No
DRV00382,Sadeem Al-Dosari,Female,9/26/2005,Saudi,Taif,598795539,sadeem.aldosari60@email.com,5/30/2025,Active,7/16/2023,Violation,Lexus ES,UberBLACK,2020,E 3985,4.1,4225,0.89,0.95,Pending,Passed,Yes
DRV00383,Maram Al-Rumaih,Female,12/16/2002,Bangladeshi,Taif,544805028,maram.alrumaih87@email.com,7/8/2025,Active,7/16/2023,Violation,Mercedes E-Class,UberBLACK,2019,R 9755,4.12,14326,0.94,0.84,Yes,Passed,Yes
DRV00384,Bander Al-Ali,Male,10/20/1978,Jordanian,Taif,563015631,bander.alali39@email.com,10/4/2025,Active,7/16/2023,Violation,Chevrolet Malibu,UberXL,2019,B 3213,4.96,9911,0.92,0.86,Yes,Passed,No
DRV00385,Mohammed Al-Fahad,Male,4/22/1982,Saudi,Riyadh,521555280,mohammed.alfahad39@email.com,5/7/2020,Active,7/16/2023,Violation,Honda Accord,UberX,2025,B 8765,4.58,7189,0.95,0.96,Pending,Passed,No
DRV00386,Bander Al-Ghamdi,Male,11/22/1988,Saudi,Taif,554808596,bander.alghamdi2@email.com,6/10/2023,Active,7/16/2023,Violation,Lexus ES,UberBLACK,2019,M 8074,4.34,4025,0.8,0.91,Pending,In Review,No
DRV00387,Sarah Al-Mohammed,Female,1/24/1996,Saudi,Dhahran,580908408,sarah.almohammed3@email.com,6/15/2023,Active,7/16/2023,Violation,BMW 5 Series,UberBLACK,2024,J 6174,4.53,11169,0.97,0.96,Yes,Passed,No
DRV00388,Aljohara Al-Zahrani,Female,11/4/1997,Pakistani,Taif,556150415,aljohara.alzahrani57@email.com,12/25/2024,Active,7/16/2023,Violation,Toyota Corolla,UberX,2021,J 4599,4.34,7197,0.75,0.85,Yes,In Review,Yes
DRV00389,Layan Al-Shammari,Female,7/17/1976,Pakistani,Khobar,527327046,layan.alshammari23@email.com,4/19/2023,Active,7/16/2023,Violation,Lexus ES,UberBLACK,2021,B 9063,3.99,3444,0.82,0.94,Yes,In Review,No
DRV00390,Shatha Al-Mahmoud,Female,2/24/1987,Saudi,Medina,592887892,shatha.almahmoud30@email.com,3/30/2024,Inactive,10/26/2025,Inactivity,Chevrolet Malibu,UberXL,2019,J 4671,3.99,4144,0.76,0.81,Pending,Passed,No
DRV00391,Sarah Al-Jasser,Female,10/29/1986,Pakistani,Dammam,524888885,sarah.aljasser14@email.com,9/12/2019,Active,7/16/2023,Violation,Lexus ES,UberBLACK,2019,E 1687,4.42,11018,0.77,0.81,Yes,Passed,Yes
DRV00392,Meshari Al-Malki,Male,6/16/1991,Saudi,Dammam,526506561,meshari.almalki26@email.com,12/10/2025,Active,7/16/2023,Violation,Mazda 6,UberSELECT,2025,R 1107,4.4,14312,0.77,0.92,Yes,In Review,No
DRV00393,Jawaher Al-Khalid,Female,9/16/1982,Yemeni,Mecca,540626070,jawaher.alkhalid18@email.com,12/16/2018,Active,7/16/2023,Violation,BMW 5 Series,UberBLACK,2024,R 7706,4.71,5958,0.9,0.85,Pending,Passed,No
DRV00394,Lina Al-Saud,Female,9/10/1980,Saudi,Abha,594772931,lina.alsaud92@email.com,10/13/2018,Suspended,7/11/2021,Violation,Hyundai Elantra,UberComfort,2022,R 7586,3.87,323,0.91,0.92,Yes,Passed,No
DRV00395,Sami Al-Sabah,Male,3/21/1977,Pakistani,Tabuk,556338752,sami.alsabah84@email.com,8/25/2019,Active,7/16/2023,Violation,Honda Civic,UberComfort,2024,E 4232,4.57,14592,0.88,0.95,Yes,Passed,No
DRV00396,Hamad Al-Mansour,Male,12/13/1977,Saudi,Mecca,513143613,hamad.almansour4@email.com,11/2/2023,Active,7/16/2023,Violation,Nissan Altima,UberX,2022,B 5979,4.06,8433,0.88,0.9,Pending,Passed,No
DRV00397,Meshari Al-Farsi,Male,3/26/2006,Pakistani,Abha,555497164,meshari.alfarsi31@email.com,12/22/2021,Active,7/16/2023,Violation,Mercedes E-Class,UberBLACK,2021,D 5902,4.58,2093,0.86,0.91,Yes,Passed,No
DRV00398,Amal Al-Dosari,Female,12/25/1987,Saudi,Khobar,522381399,amal.aldosari8@email.com,10/17/2023,Active,7/16/2023,Violation,Lexus ES,UberBLACK,2024,B 8802,4.73,7493,0.77,0.94,Yes,In Review,Yes
DRV00399,Yara Al-Farsi,Female,2/28/1999,Saudi,Tabuk,577885433,yara.alfarsi17@email.com,8/6/2023,Active,7/16/2023,Violation,Honda Civic,UberComfort,2025,M 8499,4.63,8070,0.93,0.88,Yes,Passed,Yes
DRV00400,Aljohara Al-Otaibi,Female,6/23/1993,Saudi,Mecca,580166008,aljohara.alotaibi20@email.com,4/8/2024,Active,7/16/2023,Violation,Hyundai Sonata,UberX,2019,D 5995,4.52,6744,0.78,0.87,Yes,Passed,Yes
